avg_CrossEntropyLoss,avg_MulticlassAccuracy,avg_MulticlassRecall,epoch,step
1.6027847528457642,0.686718761920929,0.686718761920929,0,49
1.5714348554611206,0.6761718988418579,0.6761718988418579,0,99
1.541015863418579,0.6949218511581421,0.6949218511581421,0,149
1.599205493927002,0.6703125238418579,0.6703125238418579,0,199
1.5895662307739258,0.6773437261581421,0.6773437261581421,0,249
1.5741140842437744,0.680859386920929,0.680859386920929,0,299
1.5667660236358643,0.673828125,0.673828125,0,349
1.550304651260376,0.6878906488418579,0.6878906488418579,0,399
1.5928294658660889,0.6820312738418579,0.6820312738418579,0,449
1.5851342678070068,0.6714843511581421,0.6714843511581421,0,499
1.5733834505081177,0.675000011920929,0.675000011920929,0,549
1.6077828407287598,0.6703125238418579,0.6703125238418579,0,599
1.5840705633163452,0.6763201951980591,0.6763201951980591,0,645
1.5407438278198242,0.703125,0.703125,1,649
1.5821106433868408,0.673828125,0.673828125,1,699
1.5920664072036743,0.6843750476837158,0.6843750476837158,1,749
1.5799697637557983,0.6832031011581421,0.6832031011581421,1,799
1.5905473232269287,0.675000011920929,0.675000011920929,1,849
1.5993897914886475,0.6656249761581421,0.6656249761581421,1,899
1.578683853149414,0.6832031011581421,0.6832031011581421,1,949
1.5796139240264893,0.6761718988418579,0.6761718988418579,1,999
1.583395004272461,0.675000011920929,0.675000011920929,1,1049
1.5913081169128418,0.663281261920929,0.663281261920929,1,1099
1.5828344821929932,0.680859386920929,0.680859386920929,1,1149
1.591809630393982,0.675000011920929,0.675000011920929,1,1199
1.5579602718353271,0.6761718988418579,0.6761718988418579,1,1249
1.5836890935897827,0.6763201951980591,0.6763201951980591,1,1291
1.5595812797546387,0.6878906488418579,0.6878906488418579,2,1299
1.6099433898925781,0.673828125,0.673828125,2,1349
1.5647284984588623,0.69140625,0.69140625,2,1399
1.5979167222976685,0.6703125238418579,0.6703125238418579,2,1449
1.5806889533996582,0.6761718988418579,0.6761718988418579,2,1499
1.5895886421203613,0.6714843511581421,0.6714843511581421,2,1549
1.5853537321090698,0.669140636920929,0.669140636920929,2,1599
1.623878002166748,0.657421886920929,0.657421886920929,2,1649
1.5853612422943115,0.6703125238418579,0.6703125238418579,2,1699
1.65301513671875,0.6421874761581421,0.6421874761581421,2,1749
1.5953705310821533,0.669140636920929,0.669140636920929,2,1799
1.591795802116394,0.675000011920929,0.675000011920929,2,1849
1.5893638134002686,0.6726562976837158,0.6726562976837158,2,1899
1.583519697189331,0.6763201951980591,0.6763201951980591,2,1937
1.6016652584075928,0.669140636920929,0.669140636920929,3,1949
1.601212978363037,0.675000011920929,0.675000011920929,3,1999
1.587559461593628,0.675000011920929,0.675000011920929,3,2049
1.602933406829834,0.6644531488418579,0.6644531488418579,3,2099
1.571768045425415,0.6890624761581421,0.6890624761581421,3,2149
1.5626134872436523,0.6902344226837158,0.6902344226837158,3,2199
1.569638967514038,0.675000011920929,0.675000011920929,3,2249
1.5842995643615723,0.6761718988418579,0.6761718988418579,3,2299
1.56265389919281,0.6902344226837158,0.6902344226837158,3,2349
1.5684804916381836,0.6773437261581421,0.6773437261581421,3,2399
1.5893484354019165,0.675000011920929,0.675000011920929,3,2449
1.5965735912322998,0.6761718988418579,0.6761718988418579,3,2499
1.6365317106246948,0.6597656011581421,0.6597656011581421,3,2549
1.582893967628479,0.6763201951980591,0.6763201951980591,3,2583
1.6595463752746582,0.638671875,0.638671875,4,2599
1.595786690711975,0.6703125238418579,0.6703125238418579,4,2649
1.5589678287506104,0.680859386920929,0.680859386920929,4,2699
1.6253349781036377,0.6585937738418579,0.6585937738418579,4,2749
1.5868031978607178,0.6703125238418579,0.6703125238418579,4,2799
1.6195566654205322,0.657421886920929,0.657421886920929,4,2849
1.5608348846435547,0.685546875,0.685546875,4,2899
1.5905790328979492,0.6656249761581421,0.6656249761581421,4,2949
1.590614676475525,0.673828125,0.673828125,4,2999
1.5406510829925537,0.6878906488418579,0.6878906488418579,4,3049
1.608306646347046,0.66796875,0.66796875,4,3099
1.5926718711853027,0.6656249761581421,0.6656249761581421,4,3149
1.5749629735946655,0.6820312738418579,0.6820312738418579,4,3199
1.5825088024139404,0.6763201951980591,0.6763201951980591,4,3229
1.5321736335754395,0.703125,0.703125,5,3249
1.5878592729568481,0.675000011920929,0.675000011920929,5,3299
1.58279550075531,0.680859386920929,0.680859386920929,5,3349
1.5679420232772827,0.686718761920929,0.686718761920929,5,3399
1.6036548614501953,0.66796875,0.66796875,5,3449
1.5826389789581299,0.680859386920929,0.680859386920929,5,3499
1.58061683177948,0.6761718988418579,0.6761718988418579,5,3549
1.5046260356903076,0.708984375,0.708984375,5,3599
1.5784912109375,0.6761718988418579,0.6761718988418579,5,3649
1.5872771739959717,0.6726562976837158,0.6726562976837158,5,3699
1.542039394378662,0.7007812261581421,0.7007812261581421,5,3749
1.540416955947876,0.692578136920929,0.692578136920929,5,3799
1.5560173988342285,0.6949218511581421,0.6949218511581421,5,3849
1.5829099416732788,0.6763201951980591,0.6763201951980591,5,3875
1.5947149991989136,0.662109375,0.662109375,6,3899
1.5763325691223145,0.680859386920929,0.680859386920929,6,3949
1.6148247718811035,0.6714843511581421,0.6714843511581421,6,3999
1.5523021221160889,0.6843750476837158,0.6843750476837158,6,4049
1.6159796714782715,0.6703125238418579,0.6703125238418579,6,4099
1.585436463356018,0.6785156726837158,0.6785156726837158,6,4149
1.5549958944320679,0.6937500238418579,0.6937500238418579,6,4199
1.5558130741119385,0.6878906488418579,0.6878906488418579,6,4249
1.5735180377960205,0.680859386920929,0.680859386920929,6,4299
1.562426209449768,0.6902344226837158,0.6902344226837158,6,4349
1.5776556730270386,0.6820312738418579,0.6820312738418579,6,4399
1.5639472007751465,0.6843750476837158,0.6843750476837158,6,4449
1.5758488178253174,0.6773437261581421,0.6773437261581421,6,4499
1.5828042030334473,0.6763201951980591,0.6763201951980591,6,4521
1.5807137489318848,0.675000011920929,0.675000011920929,7,4549
1.5870609283447266,0.680859386920929,0.680859386920929,7,4599
1.5807220935821533,0.6785156726837158,0.6785156726837158,7,4649
1.6048078536987305,0.6667969226837158,0.6667969226837158,7,4699
1.5749056339263916,0.675000011920929,0.675000011920929,7,4749
1.5879011154174805,0.657421886920929,0.657421886920929,7,4799
1.5940372943878174,0.675000011920929,0.675000011920929,7,4849
1.565455675125122,0.680859386920929,0.680859386920929,7,4899
1.631410837173462,0.6433594226837158,0.6433594226837158,7,4949
1.5505743026733398,0.69140625,0.69140625,7,4999
1.5766576528549194,0.6785156726837158,0.6785156726837158,7,5049
1.6019415855407715,0.6761718988418579,0.6761718988418579,7,5099
1.61126708984375,0.6656249761581421,0.6656249761581421,7,5149
1.582537055015564,0.6763201951980591,0.6763201951980591,7,5167
1.6073973178863525,0.66796875,0.66796875,8,5168
1.5842939615249634,0.6726562976837158,0.6726562976837158,8,5169
1.5608667135238647,0.6832031011581421,0.6832031011581421,8,5170
1.5848523378372192,0.675000011920929,0.675000011920929,8,5171
1.6012734174728394,0.662109375,0.662109375,8,5172
1.5580161809921265,0.685546875,0.685546875,8,5173
1.5365900993347168,0.6949218511581421,0.6949218511581421,8,5174
1.5807360410690308,0.680859386920929,0.680859386920929,8,5175
1.5237722396850586,0.7066406011581421,0.7066406011581421,8,5176
1.546273946762085,0.6890624761581421,0.6890624761581421,8,5177
1.5293374061584473,0.6996093988418579,0.6996093988418579,8,5178
1.6355907917022705,0.6539062261581421,0.6539062261581421,8,5179
1.5530415773391724,0.6796875,0.6796875,8,5180
1.5980429649353027,0.6656249761581421,0.6656249761581421,8,5181
1.6092822551727295,0.662109375,0.662109375,8,5182
1.6546523571014404,0.6492187976837158,0.6492187976837158,8,5183
1.5513190031051636,0.6878906488418579,0.6878906488418579,8,5184
1.550220251083374,0.69140625,0.69140625,8,5185
1.5420455932617188,0.697265625,0.697265625,8,5186
1.5523991584777832,0.704296886920929,0.704296886920929,8,5187
1.5684802532196045,0.6832031011581421,0.6832031011581421,8,5188
1.5792291164398193,0.673828125,0.673828125,8,5189
1.564286231994629,0.6796875,0.6796875,8,5190
1.5639897584915161,0.6949218511581421,0.6949218511581421,8,5191
1.580155849456787,0.685546875,0.685546875,8,5192
1.530697226524353,0.698437511920929,0.698437511920929,8,5193
1.602596640586853,0.65625,0.65625,8,5194
1.5546658039093018,0.692578136920929,0.692578136920929,8,5195
1.551530361175537,0.6902344226837158,0.6902344226837158,8,5196
1.5578930377960205,0.673828125,0.673828125,8,5197
1.5740270614624023,0.685546875,0.685546875,8,5198
1.576698899269104,0.6843750476837158,0.6843750476837158,8,5199
1.5776183605194092,0.6726562976837158,0.6726562976837158,8,5200
1.5549277067184448,0.686718761920929,0.686718761920929,8,5201
1.5808923244476318,0.6703125238418579,0.6703125238418579,8,5202
1.575406551361084,0.6785156726837158,0.6785156726837158,8,5203
1.5160423517227173,0.71484375,0.71484375,8,5204
1.570051908493042,0.6796875,0.6796875,8,5205
1.6044621467590332,0.662109375,0.662109375,8,5206
1.5681841373443604,0.685546875,0.685546875,8,5207
1.5739927291870117,0.6796875,0.6796875,8,5208
1.5986242294311523,0.669140636920929,0.669140636920929,8,5209
1.5846502780914307,0.6820312738418579,0.6820312738418579,8,5210
1.5477144718170166,0.6960937976837158,0.6960937976837158,8,5211
1.5705630779266357,0.685546875,0.685546875,8,5212
1.5675820112228394,0.6843750476837158,0.6843750476837158,8,5213
1.6011550426483154,0.6703125238418579,0.6703125238418579,8,5214
1.60373854637146,0.6656249761581421,0.6656249761581421,8,5215
1.5575752258300781,0.6820312738418579,0.6820312738418579,8,5216
1.5864263772964478,0.6796875,0.6796875,8,5217
1.574900507926941,0.673828125,0.673828125,8,5218
1.6035737991333008,0.6761718988418579,0.6761718988418579,8,5219
1.5955946445465088,0.6761718988418579,0.6761718988418579,8,5220
1.6000328063964844,0.663281261920929,0.663281261920929,8,5221
1.5345146656036377,0.692578136920929,0.692578136920929,8,5222
1.5912972688674927,0.6714843511581421,0.6714843511581421,8,5223
1.5923924446105957,0.6703125238418579,0.6703125238418579,8,5224
1.5607925653457642,0.685546875,0.685546875,8,5225
1.5494214296340942,0.69140625,0.69140625,8,5226
1.593883752822876,0.673828125,0.673828125,8,5227
1.590872049331665,0.6644531488418579,0.6644531488418579,8,5228
1.6086608171463013,0.6644531488418579,0.6644531488418579,8,5229
1.6111730337142944,0.65625,0.65625,8,5230
1.5895352363586426,0.675000011920929,0.675000011920929,8,5231
1.595336675643921,0.6726562976837158,0.6726562976837158,8,5232
1.56381094455719,0.6796875,0.6796875,8,5233
1.590623140335083,0.66796875,0.66796875,8,5234
1.5663100481033325,0.6843750476837158,0.6843750476837158,8,5235
1.5764782428741455,0.680859386920929,0.680859386920929,8,5236
1.576640009880066,0.66796875,0.66796875,8,5237
1.5403521060943604,0.6949218511581421,0.6949218511581421,8,5238
1.6143882274627686,0.6550781726837158,0.6550781726837158,8,5239
1.5573095083236694,0.6902344226837158,0.6902344226837158,8,5240
1.573232650756836,0.6773437261581421,0.6773437261581421,8,5241
1.540515422821045,0.697265625,0.697265625,8,5242
1.6099199056625366,0.6609375476837158,0.6609375476837158,8,5243
1.5919005870819092,0.6714843511581421,0.6714843511581421,8,5244
1.5999947786331177,0.66796875,0.66796875,8,5245
1.5986120700836182,0.6656249761581421,0.6656249761581421,8,5246
1.5939369201660156,0.675000011920929,0.675000011920929,8,5247
1.6093707084655762,0.6585937738418579,0.6585937738418579,8,5248
1.5605754852294922,0.6878906488418579,0.6878906488418579,8,5249
1.5748887062072754,0.6820312738418579,0.6820312738418579,8,5250
1.56903874874115,0.6820312738418579,0.6820312738418579,8,5251
1.5739611387252808,0.6726562976837158,0.6726562976837158,8,5252
1.559490442276001,0.692578136920929,0.692578136920929,8,5253
1.4968321323394775,0.716015636920929,0.716015636920929,8,5254
1.5664006471633911,0.686718761920929,0.686718761920929,8,5255
1.5679699182510376,0.6832031011581421,0.6832031011581421,8,5256
1.6023623943328857,0.6644531488418579,0.6644531488418579,8,5257
1.5678731203079224,0.6796875,0.6796875,8,5258
1.570273518562317,0.680859386920929,0.680859386920929,8,5259
1.6031334400177002,0.6714843511581421,0.6714843511581421,8,5260
1.62099027633667,0.6609375476837158,0.6609375476837158,8,5261
1.6448981761932373,0.6527343988418579,0.6527343988418579,8,5262
1.6219887733459473,0.657421886920929,0.657421886920929,8,5263
1.5583304166793823,0.686718761920929,0.686718761920929,8,5264
1.5564697980880737,0.6890624761581421,0.6890624761581421,8,5265
1.5472362041473389,0.6878906488418579,0.6878906488418579,8,5266
1.5742311477661133,0.675000011920929,0.675000011920929,8,5267
1.5686779022216797,0.69140625,0.69140625,8,5268
1.5742125511169434,0.673828125,0.673828125,8,5269
1.5720373392105103,0.6726562976837158,0.6726562976837158,8,5270
1.5916470289230347,0.6644531488418579,0.6644531488418579,8,5271
1.5561654567718506,0.686718761920929,0.686718761920929,8,5272
1.5731658935546875,0.6843750476837158,0.6843750476837158,8,5273
1.5524523258209229,0.6890624761581421,0.6890624761581421,8,5274
1.5614476203918457,0.6878906488418579,0.6878906488418579,8,5275
1.5929903984069824,0.6703125238418579,0.6703125238418579,8,5276
1.5800448656082153,0.6878906488418579,0.6878906488418579,8,5277
1.5497839450836182,0.69140625,0.69140625,8,5278
1.5783097743988037,0.6785156726837158,0.6785156726837158,8,5279
1.5683093070983887,0.6820312738418579,0.6820312738418579,8,5280
1.559759259223938,0.6843750476837158,0.6843750476837158,8,5281
1.586829662322998,0.6796875,0.6796875,8,5282
1.5784006118774414,0.685546875,0.685546875,8,5283
1.591202735900879,0.6597656011581421,0.6597656011581421,8,5284
1.6083717346191406,0.657421886920929,0.657421886920929,8,5285
1.6113309860229492,0.662109375,0.662109375,8,5286
1.5476264953613281,0.692578136920929,0.692578136920929,8,5287
1.5893352031707764,0.675000011920929,0.675000011920929,8,5288
1.577551007270813,0.6773437261581421,0.6773437261581421,8,5289
1.612450122833252,0.663281261920929,0.663281261920929,8,5290
1.6350822448730469,0.6539062261581421,0.6539062261581421,8,5291
1.5813767910003662,0.6761718988418579,0.6761718988418579,8,5292
1.5723344087600708,0.675000011920929,0.675000011920929,8,5293
1.6468805074691772,0.645703136920929,0.645703136920929,8,5294
1.5816290378570557,0.6703125238418579,0.6703125238418579,8,5295
1.590972900390625,0.673828125,0.673828125,8,5296
1.6091766357421875,0.6667969226837158,0.6667969226837158,8,5297
1.5480785369873047,0.698437511920929,0.698437511920929,8,5298
1.6001664400100708,0.6703125238418579,0.6703125238418579,8,5299
1.5363188982009888,0.6996093988418579,0.6996093988418579,8,5300
1.587578535079956,0.669140636920929,0.669140636920929,8,5301
1.613548755645752,0.6585937738418579,0.6585937738418579,8,5302
1.5797233581542969,0.6761718988418579,0.6761718988418579,8,5303
1.530251383781433,0.7007812261581421,0.7007812261581421,8,5304
1.5558855533599854,0.685546875,0.685546875,8,5305
1.5793066024780273,0.6726562976837158,0.6726562976837158,8,5306
1.5475127696990967,0.6890624761581421,0.6890624761581421,8,5307
1.567087173461914,0.6785156726837158,0.6785156726837158,8,5308
1.5991851091384888,0.669140636920929,0.669140636920929,8,5309
1.577061414718628,0.685546875,0.685546875,8,5310
1.5856621265411377,0.675000011920929,0.675000011920929,8,5311
1.5575683116912842,0.686718761920929,0.686718761920929,8,5312
1.5931774377822876,0.6773437261581421,0.6773437261581421,8,5313
1.5685412883758545,0.685546875,0.685546875,8,5314
1.59330153465271,0.673828125,0.673828125,8,5315
1.5965439081192017,0.6609375476837158,0.6609375476837158,8,5316
1.569066047668457,0.685546875,0.685546875,8,5317
1.5660035610198975,0.6796875,0.6796875,8,5318
1.597138524055481,0.669140636920929,0.669140636920929,8,5319
1.5708954334259033,0.6761718988418579,0.6761718988418579,8,5320
1.5955901145935059,0.663281261920929,0.663281261920929,8,5321
1.5155110359191895,0.7007812261581421,0.7007812261581421,8,5322
1.5644464492797852,0.6843750476837158,0.6843750476837158,8,5323
1.5716948509216309,0.6820312738418579,0.6820312738418579,8,5324
1.566188931465149,0.685546875,0.685546875,8,5325
1.5799860954284668,0.675000011920929,0.675000011920929,8,5326
1.5637933015823364,0.6832031011581421,0.6832031011581421,8,5327
1.559036135673523,0.6714843511581421,0.6714843511581421,8,5328
1.571114420890808,0.680859386920929,0.680859386920929,8,5329
1.6120543479919434,0.6597656011581421,0.6597656011581421,8,5330
1.5962822437286377,0.6785156726837158,0.6785156726837158,8,5331
1.5267469882965088,0.7019531726837158,0.7019531726837158,8,5332
1.5885241031646729,0.6761718988418579,0.6761718988418579,8,5333
1.5779378414154053,0.6843750476837158,0.6843750476837158,8,5334
1.5955981016159058,0.673828125,0.673828125,8,5335
1.563457727432251,0.6796875,0.6796875,8,5336
1.57755708694458,0.675000011920929,0.675000011920929,8,5337
1.6145153045654297,0.6597656011581421,0.6597656011581421,8,5338
1.6386462450027466,0.6480468511581421,0.6480468511581421,8,5339
1.5955930948257446,0.675000011920929,0.675000011920929,8,5340
1.5502121448516846,0.6949218511581421,0.6949218511581421,8,5341
1.5953083038330078,0.6597656011581421,0.6597656011581421,8,5342
1.5757391452789307,0.6773437261581421,0.6773437261581421,8,5343
1.5476758480072021,0.7054687738418579,0.7054687738418579,8,5344
1.5903304815292358,0.6656249761581421,0.6656249761581421,8,5345
1.5908153057098389,0.6726562976837158,0.6726562976837158,8,5346
1.5592930316925049,0.6878906488418579,0.6878906488418579,8,5347
1.5871466398239136,0.6761718988418579,0.6761718988418579,8,5348
1.5761833190917969,0.6785156726837158,0.6785156726837158,8,5349
1.587606430053711,0.6726562976837158,0.6726562976837158,8,5350
1.5550123453140259,0.69140625,0.69140625,8,5351
1.5672085285186768,0.680859386920929,0.680859386920929,8,5352
1.5908534526824951,0.669140636920929,0.669140636920929,8,5353
1.5825724601745605,0.6703125238418579,0.6703125238418579,8,5354
1.578174114227295,0.6832031011581421,0.6832031011581421,8,5355
1.5812163352966309,0.6761718988418579,0.6761718988418579,8,5356
1.5644241571426392,0.6843750476837158,0.6843750476837158,8,5357
1.5295639038085938,0.697265625,0.697265625,8,5358
1.575995922088623,0.6726562976837158,0.6726562976837158,8,5359
1.6102218627929688,0.663281261920929,0.663281261920929,8,5360
1.587399959564209,0.6761718988418579,0.6761718988418579,8,5361
1.536177396774292,0.6960937976837158,0.6960937976837158,8,5362
1.586790919303894,0.6761718988418579,0.6761718988418579,8,5363
1.5374640226364136,0.6890624761581421,0.6890624761581421,8,5364
1.5870575904846191,0.680859386920929,0.680859386920929,8,5365
1.5242156982421875,0.703125,0.703125,8,5366
1.5881857872009277,0.6761718988418579,0.6761718988418579,8,5367
1.5406330823898315,0.69140625,0.69140625,8,5368
1.6090270280838013,0.673828125,0.673828125,8,5369
1.558685064315796,0.6960937976837158,0.6960937976837158,8,5370
1.5435813665390015,0.6960937976837158,0.6960937976837158,8,5371
1.5674734115600586,0.680859386920929,0.680859386920929,8,5372
1.626974105834961,0.6585937738418579,0.6585937738418579,8,5373
1.5867578983306885,0.6761718988418579,0.6761718988418579,8,5374
1.595287561416626,0.669140636920929,0.669140636920929,8,5375
1.6174567937850952,0.6644531488418579,0.6644531488418579,8,5376
1.5686074495315552,0.6820312738418579,0.6820312738418579,8,5377
1.538494348526001,0.7007812261581421,0.7007812261581421,8,5378
1.6159909963607788,0.6585937738418579,0.6585937738418579,8,5379
1.6088817119598389,0.6667969226837158,0.6667969226837158,8,5380
1.6101267337799072,0.6726562976837158,0.6726562976837158,8,5381
1.565063238143921,0.685546875,0.685546875,8,5382
1.5778604745864868,0.6761718988418579,0.6761718988418579,8,5383
1.5505597591400146,0.69140625,0.69140625,8,5384
1.584575891494751,0.6832031011581421,0.6832031011581421,8,5385
1.5970861911773682,0.669140636920929,0.669140636920929,8,5386
1.5955300331115723,0.6714843511581421,0.6714843511581421,8,5387
1.5646779537200928,0.686718761920929,0.686718761920929,8,5388
1.606250524520874,0.662109375,0.662109375,8,5389
1.6086912155151367,0.65625,0.65625,8,5390
1.567149043083191,0.6820312738418579,0.6820312738418579,8,5391
1.5646109580993652,0.6832031011581421,0.6832031011581421,8,5392
1.6548960208892822,0.6480468511581421,0.6480468511581421,8,5393
1.5753147602081299,0.6832031011581421,0.6832031011581421,8,5394
1.594083547592163,0.669140636920929,0.669140636920929,8,5395
1.6044548749923706,0.6644531488418579,0.6644531488418579,8,5396
1.585850715637207,0.6773437261581421,0.6773437261581421,8,5397
1.563798189163208,0.680859386920929,0.680859386920929,8,5398
1.5798782110214233,0.673828125,0.673828125,8,5399
1.5564517974853516,0.69140625,0.69140625,8,5400
1.5560028553009033,0.6843750476837158,0.6843750476837158,8,5401
1.6265619993209839,0.657421886920929,0.657421886920929,8,5402
1.5847896337509155,0.673828125,0.673828125,8,5403
1.5510915517807007,0.6902344226837158,0.6902344226837158,8,5404
1.5803096294403076,0.680859386920929,0.680859386920929,8,5405
1.5768392086029053,0.6796875,0.6796875,8,5406
1.574805736541748,0.6761718988418579,0.6761718988418579,8,5407
1.5875189304351807,0.6656249761581421,0.6656249761581421,8,5408
1.5610501766204834,0.6890624761581421,0.6890624761581421,8,5409
1.569911241531372,0.6785156726837158,0.6785156726837158,8,5410
1.5941004753112793,0.66796875,0.66796875,8,5411
1.5884345769882202,0.6785156726837158,0.6785156726837158,8,5412
1.5717922449111938,0.6796875,0.6796875,8,5413
1.5538171529769897,0.6890624761581421,0.6890624761581421,8,5414
1.5686068534851074,0.680859386920929,0.680859386920929,8,5415
1.5989619493484497,0.669140636920929,0.669140636920929,8,5416
1.5524044036865234,0.6949218511581421,0.6949218511581421,8,5417
1.612980842590332,0.663281261920929,0.663281261920929,8,5418
1.5765573978424072,0.6773437261581421,0.6773437261581421,8,5419
1.5358021259307861,0.6996093988418579,0.6996093988418579,8,5420
1.5616333484649658,0.685546875,0.685546875,8,5421
1.5606601238250732,0.6843750476837158,0.6843750476837158,8,5422
1.5945968627929688,0.675000011920929,0.675000011920929,8,5423
1.5785489082336426,0.6761718988418579,0.6761718988418579,8,5424
1.5836193561553955,0.6761718988418579,0.6761718988418579,8,5425
1.612159252166748,0.6667969226837158,0.6667969226837158,8,5426
1.542757511138916,0.6843750476837158,0.6843750476837158,8,5427
1.5475232601165771,0.6890624761581421,0.6890624761581421,8,5428
1.581864356994629,0.6796875,0.6796875,8,5429
1.541223406791687,0.69140625,0.69140625,8,5430
1.6045281887054443,0.6703125238418579,0.6703125238418579,8,5431
1.5982239246368408,0.6714843511581421,0.6714843511581421,8,5432
1.5869009494781494,0.6703125238418579,0.6703125238418579,8,5433
1.571950912475586,0.6785156726837158,0.6785156726837158,8,5434
1.5823750495910645,0.6726562976837158,0.6726562976837158,8,5435
1.5703814029693604,0.686718761920929,0.686718761920929,8,5436
1.5415548086166382,0.6996093988418579,0.6996093988418579,8,5437
1.5990641117095947,0.675000011920929,0.675000011920929,8,5438
1.6128020286560059,0.66796875,0.66796875,8,5439
1.612985372543335,0.657421886920929,0.657421886920929,8,5440
1.6005334854125977,0.657421886920929,0.657421886920929,8,5441
1.564295768737793,0.675000011920929,0.675000011920929,8,5442
1.5297057628631592,0.7007812261581421,0.7007812261581421,8,5443
1.5897477865219116,0.6773437261581421,0.6773437261581421,8,5444
1.53236722946167,0.703125,0.703125,8,5445
1.5450910329818726,0.6960937976837158,0.6960937976837158,8,5446
1.580681562423706,0.6714843511581421,0.6714843511581421,8,5447
1.593261957168579,0.6726562976837158,0.6726562976837158,8,5448
1.583927035331726,0.6726562976837158,0.6726562976837158,8,5449
1.641963243484497,0.6433594226837158,0.6433594226837158,8,5450
1.6163890361785889,0.662109375,0.662109375,8,5451
1.6083635091781616,0.6644531488418579,0.6644531488418579,8,5452
1.5601322650909424,0.6890624761581421,0.6890624761581421,8,5453
1.5697877407073975,0.6785156726837158,0.6785156726837158,8,5454
1.533414363861084,0.6878906488418579,0.6878906488418579,8,5455
1.5508058071136475,0.703125,0.703125,8,5456
1.5719321966171265,0.6890624761581421,0.6890624761581421,8,5457
1.579788088798523,0.685546875,0.685546875,8,5458
1.5514931678771973,0.685546875,0.685546875,8,5459
1.5378841161727905,0.6960937976837158,0.6960937976837158,8,5460
1.5842775106430054,0.6761718988418579,0.6761718988418579,8,5461
1.6446034908294678,0.657421886920929,0.657421886920929,8,5462
1.5520343780517578,0.6878906488418579,0.6878906488418579,8,5463
1.59421968460083,0.675000011920929,0.675000011920929,8,5464
1.6279298067092896,0.6585937738418579,0.6585937738418579,8,5465
1.5615805387496948,0.6832031011581421,0.6832031011581421,8,5466
1.5634735822677612,0.6820312738418579,0.6820312738418579,8,5467
1.5633409023284912,0.6832031011581421,0.6832031011581421,8,5468
1.5753514766693115,0.6820312738418579,0.6820312738418579,8,5469
1.565308690071106,0.6773437261581421,0.6773437261581421,8,5470
1.5497441291809082,0.685546875,0.685546875,8,5471
1.5630059242248535,0.686718761920929,0.686718761920929,8,5472
1.5453689098358154,0.692578136920929,0.692578136920929,8,5473
1.563638687133789,0.6773437261581421,0.6773437261581421,8,5474
1.5768840312957764,0.6843750476837158,0.6843750476837158,8,5475
1.5836142301559448,0.6796875,0.6796875,8,5476
1.5988901853561401,0.6714843511581421,0.6714843511581421,8,5477
1.5925540924072266,0.6726562976837158,0.6726562976837158,8,5478
1.5941476821899414,0.6773437261581421,0.6773437261581421,8,5479
1.6065726280212402,0.669140636920929,0.669140636920929,8,5480
1.603992223739624,0.6597656011581421,0.6597656011581421,8,5481
1.5759936571121216,0.6785156726837158,0.6785156726837158,8,5482
1.603684902191162,0.6667969226837158,0.6667969226837158,8,5483
1.5805599689483643,0.66796875,0.66796875,8,5484
1.5811243057250977,0.6796875,0.6796875,8,5485
1.5845938920974731,0.6796875,0.6796875,8,5486
1.588685154914856,0.6726562976837158,0.6726562976837158,8,5487
1.5989763736724854,0.669140636920929,0.669140636920929,8,5488
1.60423743724823,0.663281261920929,0.663281261920929,8,5489
1.5490022897720337,0.6843750476837158,0.6843750476837158,8,5490
1.6174992322921753,0.651562511920929,0.651562511920929,8,5491
1.5737977027893066,0.6832031011581421,0.6832031011581421,8,5492
1.5898537635803223,0.6714843511581421,0.6714843511581421,8,5493
1.5854296684265137,0.6726562976837158,0.6726562976837158,8,5494
1.5173544883728027,0.7007812261581421,0.7007812261581421,8,5495
1.6053993701934814,0.65625,0.65625,8,5496
1.5355420112609863,0.6960937976837158,0.6960937976837158,8,5497
1.6559374332427979,0.650390625,0.650390625,8,5498
1.5788707733154297,0.685546875,0.685546875,8,5499
1.5442616939544678,0.697265625,0.697265625,8,5500
1.5477381944656372,0.6890624761581421,0.6890624761581421,8,5501
1.5234885215759277,0.710156261920929,0.710156261920929,8,5502
1.5637363195419312,0.6785156726837158,0.6785156726837158,8,5503
1.5563013553619385,0.686718761920929,0.686718761920929,8,5504
1.5932631492614746,0.6714843511581421,0.6714843511581421,8,5505
1.6443071365356445,0.6550781726837158,0.6550781726837158,8,5506
1.6047947406768799,0.6667969226837158,0.6667969226837158,8,5507
1.5680148601531982,0.686718761920929,0.686718761920929,8,5508
1.576068639755249,0.685546875,0.685546875,8,5509
1.5334510803222656,0.69140625,0.69140625,8,5510
1.5849549770355225,0.6773437261581421,0.6773437261581421,8,5511
1.5649404525756836,0.6796875,0.6796875,8,5512
1.617447853088379,0.663281261920929,0.663281261920929,8,5513
1.6267125606536865,0.6585937738418579,0.6585937738418579,8,5514
1.5807499885559082,0.6773437261581421,0.6773437261581421,8,5515
1.5683927536010742,0.680859386920929,0.680859386920929,8,5516
1.6193403005599976,0.65625,0.65625,8,5517
1.5695459842681885,0.686718761920929,0.686718761920929,8,5518
1.6036889553070068,0.6585937738418579,0.6585937738418579,8,5519
1.5447534322738647,0.69140625,0.69140625,8,5520
1.586500644683838,0.6726562976837158,0.6726562976837158,8,5521
1.5699379444122314,0.69140625,0.69140625,8,5522
1.5806971788406372,0.6796875,0.6796875,8,5523
1.5381379127502441,0.698437511920929,0.698437511920929,8,5524
1.5659751892089844,0.6785156726837158,0.6785156726837158,8,5525
1.6070284843444824,0.6609375476837158,0.6609375476837158,8,5526
1.5263798236846924,0.6996093988418579,0.6996093988418579,8,5527
1.579017162322998,0.675000011920929,0.675000011920929,8,5528
1.538233757019043,0.69140625,0.69140625,8,5529
1.5812287330627441,0.673828125,0.673828125,8,5530
1.5910918712615967,0.6726562976837158,0.6726562976837158,8,5531
1.5573832988739014,0.686718761920929,0.686718761920929,8,5532
1.5623098611831665,0.685546875,0.685546875,8,5533
1.6220879554748535,0.6609375476837158,0.6609375476837158,8,5534
1.5357120037078857,0.7078125476837158,0.7078125476837158,8,5535
1.6413817405700684,0.6539062261581421,0.6539062261581421,8,5536
1.5896130800247192,0.669140636920929,0.669140636920929,8,5537
1.5734803676605225,0.6785156726837158,0.6785156726837158,8,5538
1.6085386276245117,0.6597656011581421,0.6597656011581421,8,5539
1.5803511142730713,0.6785156726837158,0.6785156726837158,8,5540
1.567795991897583,0.680859386920929,0.680859386920929,8,5541
1.5884898900985718,0.6773437261581421,0.6773437261581421,8,5542
1.5863723754882812,0.66796875,0.66796875,8,5543
1.5988340377807617,0.669140636920929,0.669140636920929,8,5544
1.5694856643676758,0.69140625,0.69140625,8,5545
1.5625483989715576,0.6832031011581421,0.6832031011581421,8,5546
1.577399730682373,0.6726562976837158,0.6726562976837158,8,5547
1.6261686086654663,0.6527343988418579,0.6527343988418579,8,5548
1.5522081851959229,0.6902344226837158,0.6902344226837158,8,5549
1.5645720958709717,0.6890624761581421,0.6890624761581421,8,5550
1.5565214157104492,0.6902344226837158,0.6902344226837158,8,5551
1.5926611423492432,0.6761718988418579,0.6761718988418579,8,5552
1.6143710613250732,0.6644531488418579,0.6644531488418579,8,5553
1.545304298400879,0.69140625,0.69140625,8,5554
1.6301705837249756,0.6550781726837158,0.6550781726837158,8,5555
1.547936201095581,0.686718761920929,0.686718761920929,8,5556
1.5757415294647217,0.6785156726837158,0.6785156726837158,8,5557
1.6022028923034668,0.6726562976837158,0.6726562976837158,8,5558
1.63082754611969,0.6539062261581421,0.6539062261581421,8,5559
1.607740044593811,0.66796875,0.66796875,8,5560
1.6411528587341309,0.6527343988418579,0.6527343988418579,8,5561
1.5398144721984863,0.7007812261581421,0.7007812261581421,8,5562
1.6204586029052734,0.651562511920929,0.651562511920929,8,5563
1.5854120254516602,0.6820312738418579,0.6820312738418579,8,5564
1.5560106039047241,0.6902344226837158,0.6902344226837158,8,5565
1.5430556535720825,0.6996093988418579,0.6996093988418579,8,5566
1.563692331314087,0.6820312738418579,0.6820312738418579,8,5567
1.6092617511749268,0.663281261920929,0.663281261920929,8,5568
1.6275346279144287,0.650390625,0.650390625,8,5569
1.5661892890930176,0.6843750476837158,0.6843750476837158,8,5570
1.5716474056243896,0.6796875,0.6796875,8,5571
1.5928386449813843,0.66796875,0.66796875,8,5572
1.5996770858764648,0.6726562976837158,0.6726562976837158,8,5573
1.5829517841339111,0.6703125238418579,0.6703125238418579,8,5574
1.6194254159927368,0.6609375476837158,0.6609375476837158,8,5575
1.5529636144638062,0.6878906488418579,0.6878906488418579,8,5576
1.5712108612060547,0.680859386920929,0.680859386920929,8,5577
1.614935040473938,0.6667969226837158,0.6667969226837158,8,5578
1.5565567016601562,0.685546875,0.685546875,8,5579
1.6052868366241455,0.6609375476837158,0.6609375476837158,8,5580
1.5506806373596191,0.6949218511581421,0.6949218511581421,8,5581
1.6340432167053223,0.65625,0.65625,8,5582
1.5673655271530151,0.6785156726837158,0.6785156726837158,8,5583
1.5270278453826904,0.703125,0.703125,8,5584
1.5756478309631348,0.6832031011581421,0.6832031011581421,8,5585
1.596706748008728,0.675000011920929,0.675000011920929,8,5586
1.6271756887435913,0.662109375,0.662109375,8,5587
1.575172781944275,0.6796875,0.6796875,8,5588
1.5480531454086304,0.6890624761581421,0.6890624761581421,8,5589
1.5408762693405151,0.692578136920929,0.692578136920929,8,5590
1.593098759651184,0.673828125,0.673828125,8,5591
1.6129460334777832,0.6597656011581421,0.6597656011581421,8,5592
1.5966429710388184,0.6703125238418579,0.6703125238418579,8,5593
1.545774221420288,0.6890624761581421,0.6890624761581421,8,5594
1.596632480621338,0.66796875,0.66796875,8,5595
1.620286464691162,0.651562511920929,0.651562511920929,8,5596
1.605189323425293,0.6644531488418579,0.6644531488418579,8,5597
1.5806909799575806,0.6703125238418579,0.6703125238418579,8,5598
1.5926860570907593,0.6703125238418579,0.6703125238418579,8,5599
1.560168743133545,0.686718761920929,0.686718761920929,8,5600
1.5343601703643799,0.7019531726837158,0.7019531726837158,8,5601
1.5919102430343628,0.6761718988418579,0.6761718988418579,8,5602
1.602217435836792,0.669140636920929,0.669140636920929,8,5603
1.579815149307251,0.685546875,0.685546875,8,5604
1.6237049102783203,0.65625,0.65625,8,5605
1.547807216644287,0.692578136920929,0.692578136920929,8,5606
1.5270880460739136,0.7019531726837158,0.7019531726837158,8,5607
1.602426528930664,0.662109375,0.662109375,8,5608
1.6089621782302856,0.66796875,0.66796875,8,5609
1.6075830459594727,0.657421886920929,0.657421886920929,8,5610
1.5849977731704712,0.669140636920929,0.669140636920929,8,5611
1.5954772233963013,0.6714843511581421,0.6714843511581421,8,5612
1.5936658382415771,0.66796875,0.66796875,8,5613
1.6091370582580566,0.662109375,0.662109375,8,5614
1.5497766733169556,0.69140625,0.69140625,8,5615
1.5673861503601074,0.6832031011581421,0.6832031011581421,8,5616
1.6612919569015503,0.6468750238418579,0.6468750238418579,8,5617
1.5966044664382935,0.6703125238418579,0.6703125238418579,8,5618
1.5840781927108765,0.6785156726837158,0.6785156726837158,8,5619
1.6183042526245117,0.6585937738418579,0.6585937738418579,8,5620
1.5416879653930664,0.7019531726837158,0.7019531726837158,8,5621
1.5447348356246948,0.6890624761581421,0.6890624761581421,8,5622
1.5793235301971436,0.6761718988418579,0.6761718988418579,8,5623
1.5839769840240479,0.6714843511581421,0.6714843511581421,8,5624
1.539428949356079,0.69140625,0.69140625,8,5625
1.5648972988128662,0.685546875,0.685546875,8,5626
1.5674591064453125,0.6796875,0.6796875,8,5627
1.608414649963379,0.669140636920929,0.669140636920929,8,5628
1.5983080863952637,0.6644531488418579,0.6644531488418579,8,5629
1.6041581630706787,0.66796875,0.66796875,8,5630
1.5984020233154297,0.6644531488418579,0.6644531488418579,8,5631
1.6130925416946411,0.6667969226837158,0.6667969226837158,8,5632
1.5346450805664062,0.6996093988418579,0.6996093988418579,8,5633
1.553274154663086,0.6820312738418579,0.6820312738418579,8,5634
1.521290898323059,0.703125,0.703125,8,5635
1.585490107536316,0.6714843511581421,0.6714843511581421,8,5636
1.6269443035125732,0.662109375,0.662109375,8,5637
1.6071547269821167,0.6609375476837158,0.6609375476837158,8,5638
1.588974952697754,0.6714843511581421,0.6714843511581421,8,5639
1.6189496517181396,0.6644531488418579,0.6644531488418579,8,5640
1.5882905721664429,0.66796875,0.66796875,8,5641
1.6180368661880493,0.6597656011581421,0.6597656011581421,8,5642
1.5922986268997192,0.6726562976837158,0.6726562976837158,8,5643
1.6307415962219238,0.6492187976837158,0.6492187976837158,8,5644
1.598560094833374,0.6785156726837158,0.6785156726837158,8,5645
1.576939344406128,0.6796875,0.6796875,8,5646
1.5436835289001465,0.6960937976837158,0.6960937976837158,8,5647
1.5602381229400635,0.6832031011581421,0.6832031011581421,8,5648
1.6130952835083008,0.6597656011581421,0.6597656011581421,8,5649
1.6358634233474731,0.65625,0.65625,8,5650
1.5593233108520508,0.6902344226837158,0.6902344226837158,8,5651
1.5550734996795654,0.6878906488418579,0.6878906488418579,8,5652
1.5990116596221924,0.673828125,0.673828125,8,5653
1.5301759243011475,0.698437511920929,0.698437511920929,8,5654
1.57838773727417,0.6796875,0.6796875,8,5655
1.6002837419509888,0.6703125238418579,0.6703125238418579,8,5656
1.6192224025726318,0.6527343988418579,0.6527343988418579,8,5657
1.6392602920532227,0.65625,0.65625,8,5658
1.5836219787597656,0.6761718988418579,0.6761718988418579,8,5659
1.592087984085083,0.6656249761581421,0.6656249761581421,8,5660
1.5963889360427856,0.6703125238418579,0.6703125238418579,8,5661
1.600041151046753,0.6714843511581421,0.6714843511581421,8,5662
1.5807571411132812,0.6832031011581421,0.6832031011581421,8,5663
1.5679130554199219,0.685546875,0.685546875,8,5664
1.5578234195709229,0.6796875,0.6796875,8,5665
1.6566646099090576,0.6304687261581421,0.6304687261581421,8,5666
1.5614689588546753,0.6890624761581421,0.6890624761581421,8,5667
1.5872310400009155,0.6761718988418579,0.6761718988418579,8,5668
1.5906060934066772,0.6714843511581421,0.6714843511581421,8,5669
1.6094491481781006,0.662109375,0.662109375,8,5670
1.5799150466918945,0.6703125238418579,0.6703125238418579,8,5671
1.597498893737793,0.6773437261581421,0.6773437261581421,8,5672
1.6115185022354126,0.657421886920929,0.657421886920929,8,5673
1.53271484375,0.704296886920929,0.704296886920929,8,5674
1.5727256536483765,0.6843750476837158,0.6843750476837158,8,5675
1.551896333694458,0.6878906488418579,0.6878906488418579,8,5676
1.6140464544296265,0.66796875,0.66796875,8,5677
1.6002557277679443,0.6726562976837158,0.6726562976837158,8,5678
1.559079647064209,0.6902344226837158,0.6902344226837158,8,5679
1.5792925357818604,0.675000011920929,0.675000011920929,8,5680
1.5982961654663086,0.6656249761581421,0.6656249761581421,8,5681
1.5426123142242432,0.698437511920929,0.698437511920929,8,5682
1.5849502086639404,0.6726562976837158,0.6726562976837158,8,5683
1.571860671043396,0.680859386920929,0.680859386920929,8,5684
1.5888071060180664,0.6714843511581421,0.6714843511581421,8,5685
1.5975680351257324,0.66796875,0.66796875,8,5686
1.6020400524139404,0.6609375476837158,0.6609375476837158,8,5687
1.5753363370895386,0.675000011920929,0.675000011920929,8,5688
1.6125941276550293,0.673828125,0.673828125,8,5689
1.5460247993469238,0.6949218511581421,0.6949218511581421,8,5690
1.5951931476593018,0.673828125,0.673828125,8,5691
1.6564631462097168,0.6363281011581421,0.6363281011581421,8,5692
1.5999823808670044,0.669140636920929,0.669140636920929,8,5693
1.559402585029602,0.692578136920929,0.692578136920929,8,5694
1.5293030738830566,0.6996093988418579,0.6996093988418579,8,5695
1.545179843902588,0.6996093988418579,0.6996093988418579,8,5696
1.5664465427398682,0.685546875,0.685546875,8,5697
1.5885156393051147,0.675000011920929,0.675000011920929,8,5698
1.5657466650009155,0.685546875,0.685546875,8,5699
1.5616259574890137,0.6820312738418579,0.6820312738418579,8,5700
1.5696465969085693,0.6796875,0.6796875,8,5701
1.5885783433914185,0.6726562976837158,0.6726562976837158,8,5702
1.5826836824417114,0.673828125,0.673828125,8,5703
1.580489158630371,0.6832031011581421,0.6832031011581421,8,5704
1.5549919605255127,0.6902344226837158,0.6902344226837158,8,5705
1.5372686386108398,0.698437511920929,0.698437511920929,8,5706
1.561493158340454,0.6902344226837158,0.6902344226837158,8,5707
1.5873560905456543,0.6843750476837158,0.6843750476837158,8,5708
1.5999343395233154,0.6703125238418579,0.6703125238418579,8,5709
1.5596375465393066,0.685546875,0.685546875,8,5710
1.616668462753296,0.6609375476837158,0.6609375476837158,8,5711
1.6007351875305176,0.6714843511581421,0.6714843511581421,8,5712
1.5896036624908447,0.6667969226837158,0.6667969226837158,8,5713
1.5507994890213013,0.69140625,0.69140625,8,5714
1.5512478351593018,0.692578136920929,0.692578136920929,8,5715
1.5457568168640137,0.6960937976837158,0.6960937976837158,8,5716
1.565373182296753,0.6832031011581421,0.6832031011581421,8,5717
1.5800632238388062,0.6726562976837158,0.6726562976837158,8,5718
1.5723998546600342,0.6761718988418579,0.6761718988418579,8,5719
1.6008222103118896,0.673828125,0.673828125,8,5720
1.6149184703826904,0.663281261920929,0.663281261920929,8,5721
1.605472445487976,0.6667969226837158,0.6667969226837158,8,5722
1.576833724975586,0.673828125,0.673828125,8,5723
1.5638103485107422,0.6832031011581421,0.6832031011581421,8,5724
1.5511997938156128,0.686718761920929,0.686718761920929,8,5725
1.5821645259857178,0.6820312738418579,0.6820312738418579,8,5726
1.5537536144256592,0.6843750476837158,0.6843750476837158,8,5727
1.5593395233154297,0.673828125,0.673828125,8,5728
1.612259864807129,0.669140636920929,0.669140636920929,8,5729
1.5314054489135742,0.6937500238418579,0.6937500238418579,8,5730
1.6097238063812256,0.66796875,0.66796875,8,5731
1.5429195165634155,0.6949218511581421,0.6949218511581421,8,5732
1.5755157470703125,0.6832031011581421,0.6832031011581421,8,5733
1.5663385391235352,0.686718761920929,0.686718761920929,8,5734
1.5905711650848389,0.6726562976837158,0.6726562976837158,8,5735
1.5399937629699707,0.6949218511581421,0.6949218511581421,8,5736
1.5501832962036133,0.6937500238418579,0.6937500238418579,8,5737
1.5296927690505981,0.6949218511581421,0.6949218511581421,8,5738
1.5593898296356201,0.6832031011581421,0.6832031011581421,8,5739
1.5662827491760254,0.6820312738418579,0.6820312738418579,8,5740
1.6137734651565552,0.6656249761581421,0.6656249761581421,8,5741
1.658965826034546,0.651562511920929,0.651562511920929,8,5742
1.588016390800476,0.6761718988418579,0.6761718988418579,8,5743
1.5740129947662354,0.6820312738418579,0.6820312738418579,8,5744
1.5755378007888794,0.6832031011581421,0.6832031011581421,8,5745
1.5638264417648315,0.6843750476837158,0.6843750476837158,8,5746
1.5799109935760498,0.673828125,0.673828125,8,5747
1.5900211334228516,0.66796875,0.66796875,8,5748
1.5405125617980957,0.7019531726837158,0.7019531726837158,8,5749
1.5713214874267578,0.6773437261581421,0.6773437261581421,8,5750
1.5797674655914307,0.675000011920929,0.675000011920929,8,5751
1.5562607049942017,0.6890624761581421,0.6890624761581421,8,5752
1.5811631679534912,0.6785156726837158,0.6785156726837158,8,5753
1.5734424591064453,0.6820312738418579,0.6820312738418579,8,5754
1.5557411909103394,0.6843750476837158,0.6843750476837158,8,5755
1.5663542747497559,0.6773437261581421,0.6773437261581421,8,5756
1.572033405303955,0.6832031011581421,0.6832031011581421,8,5757
1.5964199304580688,0.66796875,0.66796875,8,5758
1.6018822193145752,0.662109375,0.662109375,8,5759
1.5854475498199463,0.6785156726837158,0.6785156726837158,8,5760
1.5492922067642212,0.685546875,0.685546875,8,5761
1.5733754634857178,0.6820312738418579,0.6820312738418579,8,5762
1.5750882625579834,0.6785156726837158,0.6785156726837158,8,5763
1.5693806409835815,0.6820312738418579,0.6820312738418579,8,5764
1.5556827783584595,0.6878906488418579,0.6878906488418579,8,5765
1.6177093982696533,0.6644531488418579,0.6644531488418579,8,5766
1.5527331829071045,0.692578136920929,0.692578136920929,8,5767
1.5939407348632812,0.6667969226837158,0.6667969226837158,8,5768
1.6238465309143066,0.6585937738418579,0.6585937738418579,8,5769
1.6034331321716309,0.662109375,0.662109375,8,5770
1.571669101715088,0.685546875,0.685546875,8,5771
1.5794992446899414,0.6773437261581421,0.6773437261581421,8,5772
1.5348137617111206,0.698437511920929,0.698437511920929,8,5773
1.5497266054153442,0.6902344226837158,0.6902344226837158,8,5774
1.6084129810333252,0.6550781726837158,0.6550781726837158,8,5775
1.5651593208312988,0.6902344226837158,0.6902344226837158,8,5776
1.6017661094665527,0.66796875,0.66796875,8,5777
1.5591251850128174,0.6843750476837158,0.6843750476837158,8,5778
1.5381731986999512,0.6937500238418579,0.6937500238418579,8,5779
1.5826219320297241,0.6796875,0.6796875,8,5780
1.5523152351379395,0.6949218511581421,0.6949218511581421,8,5781
1.5971758365631104,0.6667969226837158,0.6667969226837158,8,5782
1.5926215648651123,0.6726562976837158,0.6726562976837158,8,5783
1.5597656965255737,0.6785156726837158,0.6785156726837158,8,5784
1.567621111869812,0.6785156726837158,0.6785156726837158,8,5785
1.622257947921753,0.6539062261581421,0.6539062261581421,8,5786
1.553555965423584,0.6890624761581421,0.6890624761581421,8,5787
1.6221885681152344,0.65625,0.65625,8,5788
1.5458568334579468,0.685546875,0.685546875,8,5789
1.5506954193115234,0.69140625,0.69140625,8,5790
1.5516369342803955,0.6878906488418579,0.6878906488418579,8,5791
1.5989830493927002,0.6644531488418579,0.6644531488418579,8,5792
1.5767229795455933,0.6773437261581421,0.6773437261581421,8,5793
1.5795339345932007,0.675000011920929,0.675000011920929,8,5794
1.5835951566696167,0.6773437261581421,0.6773437261581421,8,5795
1.6076503992080688,0.663281261920929,0.663281261920929,8,5796
1.6122938394546509,0.6644531488418579,0.6644531488418579,8,5797
1.6082146167755127,0.663281261920929,0.663281261920929,8,5798
1.5766640901565552,0.669140636920929,0.669140636920929,8,5799
1.585388422012329,0.685546875,0.685546875,8,5800
1.5305842161178589,0.7007812261581421,0.7007812261581421,8,5801
1.540468692779541,0.6996093988418579,0.6996093988418579,8,5802
1.5643630027770996,0.6820312738418579,0.6820312738418579,8,5803
1.6416391134262085,0.6480468511581421,0.6480468511581421,8,5804
1.589320182800293,0.6726562976837158,0.6726562976837158,8,5805
1.575308084487915,0.6843750476837158,0.6843750476837158,8,5806
1.607926845550537,0.6726562976837158,0.6726562976837158,8,5807
1.6097028255462646,0.6703125238418579,0.6703125238418579,8,5808
1.600466251373291,0.663281261920929,0.663281261920929,8,5809
1.5802912712097168,0.680859386920929,0.680859386920929,8,5810
1.5739119052886963,0.6796875,0.6796875,8,5811
1.5827062129974365,0.6726562976837158,0.6726562976837158,8,5812
1.6116034984588623,0.6506024599075317,0.6506024599075317,8,5813
1.5825002193450928,0.6763201951980591,0.6763201951980591,8,5813
1.5855752229690552,0.6667969226837158,0.6667969226837158,9,5814
1.5716487169265747,0.6878906488418579,0.6878906488418579,9,5815
1.5733842849731445,0.69140625,0.69140625,9,5816
1.5928436517715454,0.6597656011581421,0.6597656011581421,9,5817
1.5692709684371948,0.6878906488418579,0.6878906488418579,9,5818
1.5787723064422607,0.6773437261581421,0.6773437261581421,9,5819
1.5692332983016968,0.6843750476837158,0.6843750476837158,9,5820
1.6147295236587524,0.6527343988418579,0.6527343988418579,9,5821
1.5538156032562256,0.69140625,0.69140625,9,5822
1.5616042613983154,0.686718761920929,0.686718761920929,9,5823
1.5938911437988281,0.6796875,0.6796875,9,5824
1.5834424495697021,0.6832031011581421,0.6832031011581421,9,5825
1.6476168632507324,0.6468750238418579,0.6468750238418579,9,5826
1.599181890487671,0.6656249761581421,0.6656249761581421,9,5827
1.5941095352172852,0.6703125238418579,0.6703125238418579,9,5828
1.5699536800384521,0.675000011920929,0.675000011920929,9,5829
1.6253896951675415,0.6656249761581421,0.6656249761581421,9,5830
1.589001178741455,0.66796875,0.66796875,9,5831
1.6106085777282715,0.65625,0.65625,9,5832
1.5697438716888428,0.6785156726837158,0.6785156726837158,9,5833
1.6040233373641968,0.6644531488418579,0.6644531488418579,9,5834
1.544564127922058,0.6949218511581421,0.6949218511581421,9,5835
1.563314437866211,0.686718761920929,0.686718761920929,9,5836
1.546331524848938,0.69140625,0.69140625,9,5837
1.6107650995254517,0.6667969226837158,0.6667969226837158,9,5838
1.5538339614868164,0.6949218511581421,0.6949218511581421,9,5839
1.5762615203857422,0.6843750476837158,0.6843750476837158,9,5840
1.5806653499603271,0.673828125,0.673828125,9,5841
1.6133397817611694,0.6644531488418579,0.6644531488418579,9,5842
1.6034010648727417,0.663281261920929,0.663281261920929,9,5843
1.5780880451202393,0.6703125238418579,0.6703125238418579,9,5844
1.599355697631836,0.662109375,0.662109375,9,5845
1.5271284580230713,0.697265625,0.697265625,9,5846
1.578315019607544,0.680859386920929,0.680859386920929,9,5847
1.6006314754486084,0.6644531488418579,0.6644531488418579,9,5848
1.5992927551269531,0.6656249761581421,0.6656249761581421,9,5849
1.5949013233184814,0.6714843511581421,0.6714843511581421,9,5850
1.5884296894073486,0.675000011920929,0.675000011920929,9,5851
1.6117156744003296,0.662109375,0.662109375,9,5852
1.5907080173492432,0.6726562976837158,0.6726562976837158,9,5853
1.5848145484924316,0.6785156726837158,0.6785156726837158,9,5854
1.5926637649536133,0.6726562976837158,0.6726562976837158,9,5855
1.6254754066467285,0.65625,0.65625,9,5856
1.541342854499817,0.7007812261581421,0.7007812261581421,9,5857
1.5529835224151611,0.6902344226837158,0.6902344226837158,9,5858
1.543584942817688,0.692578136920929,0.692578136920929,9,5859
1.6052682399749756,0.6644531488418579,0.6644531488418579,9,5860
1.5533215999603271,0.6890624761581421,0.6890624761581421,9,5861
1.5764386653900146,0.6820312738418579,0.6820312738418579,9,5862
1.6214817762374878,0.6597656011581421,0.6597656011581421,9,5863
1.5663775205612183,0.6785156726837158,0.6785156726837158,9,5864
1.6055917739868164,0.673828125,0.673828125,9,5865
1.639592170715332,0.6550781726837158,0.6550781726837158,9,5866
1.547752857208252,0.6890624761581421,0.6890624761581421,9,5867
1.5470279455184937,0.692578136920929,0.692578136920929,9,5868
1.563254475593567,0.680859386920929,0.680859386920929,9,5869
1.5634946823120117,0.685546875,0.685546875,9,5870
1.5813305377960205,0.673828125,0.673828125,9,5871
1.5521957874298096,0.6843750476837158,0.6843750476837158,9,5872
1.5730013847351074,0.6761718988418579,0.6761718988418579,9,5873
1.5827760696411133,0.6761718988418579,0.6761718988418579,9,5874
1.6064262390136719,0.663281261920929,0.663281261920929,9,5875
1.5779165029525757,0.6878906488418579,0.6878906488418579,9,5876
1.5833097696304321,0.6796875,0.6796875,9,5877
1.5608885288238525,0.6843750476837158,0.6843750476837158,9,5878
1.6108043193817139,0.6597656011581421,0.6597656011581421,9,5879
1.5917508602142334,0.6726562976837158,0.6726562976837158,9,5880
1.5166113376617432,0.698437511920929,0.698437511920929,9,5881
1.5754328966140747,0.66796875,0.66796875,9,5882
1.5586256980895996,0.6902344226837158,0.6902344226837158,9,5883
1.4955127239227295,0.7171875238418579,0.7171875238418579,9,5884
1.593640685081482,0.673828125,0.673828125,9,5885
1.519338607788086,0.7078125476837158,0.7078125476837158,9,5886
1.5606751441955566,0.686718761920929,0.686718761920929,9,5887
1.5799412727355957,0.680859386920929,0.680859386920929,9,5888
1.554823398590088,0.69140625,0.69140625,9,5889
1.5854878425598145,0.6761718988418579,0.6761718988418579,9,5890
1.5447686910629272,0.697265625,0.697265625,9,5891
1.6079659461975098,0.663281261920929,0.663281261920929,9,5892
1.5503652095794678,0.6890624761581421,0.6890624761581421,9,5893
1.5378084182739258,0.7019531726837158,0.7019531726837158,9,5894
1.5929160118103027,0.6761718988418579,0.6761718988418579,9,5895
1.5776307582855225,0.6773437261581421,0.6773437261581421,9,5896
1.5006990432739258,0.7124999761581421,0.7124999761581421,9,5897
1.5827443599700928,0.675000011920929,0.675000011920929,9,5898
1.6022570133209229,0.6644531488418579,0.6644531488418579,9,5899
1.5640907287597656,0.6785156726837158,0.6785156726837158,9,5900
1.5582785606384277,0.6890624761581421,0.6890624761581421,9,5901
1.5875182151794434,0.673828125,0.673828125,9,5902
1.5957260131835938,0.6667969226837158,0.6667969226837158,9,5903
1.5613512992858887,0.6832031011581421,0.6832031011581421,9,5904
1.5530307292938232,0.692578136920929,0.692578136920929,9,5905
1.5767133235931396,0.673828125,0.673828125,9,5906
1.607135534286499,0.663281261920929,0.663281261920929,9,5907
1.590400218963623,0.6785156726837158,0.6785156726837158,9,5908
1.5620161294937134,0.6832031011581421,0.6832031011581421,9,5909
1.608690619468689,0.662109375,0.662109375,9,5910
1.5912466049194336,0.66796875,0.66796875,9,5911
1.669435977935791,0.6375000476837158,0.6375000476837158,9,5912
1.567810297012329,0.680859386920929,0.680859386920929,9,5913
1.6057984828948975,0.6597656011581421,0.6597656011581421,9,5914
1.5760468244552612,0.6890624761581421,0.6890624761581421,9,5915
1.5728211402893066,0.6820312738418579,0.6820312738418579,9,5916
1.6016185283660889,0.6726562976837158,0.6726562976837158,9,5917
1.5518333911895752,0.6878906488418579,0.6878906488418579,9,5918
1.557447910308838,0.6937500238418579,0.6937500238418579,9,5919
1.6028666496276855,0.6656249761581421,0.6656249761581421,9,5920
1.5701208114624023,0.6796875,0.6796875,9,5921
1.5758202075958252,0.680859386920929,0.680859386920929,9,5922
1.5568711757659912,0.7019531726837158,0.7019531726837158,9,5923
1.581017017364502,0.6785156726837158,0.6785156726837158,9,5924
1.536419153213501,0.6890624761581421,0.6890624761581421,9,5925
1.5871671438217163,0.675000011920929,0.675000011920929,9,5926
1.5426281690597534,0.6902344226837158,0.6902344226837158,9,5927
1.550542950630188,0.6949218511581421,0.6949218511581421,9,5928
1.6280419826507568,0.6539062261581421,0.6539062261581421,9,5929
1.5502172708511353,0.6960937976837158,0.6960937976837158,9,5930
1.548233151435852,0.6890624761581421,0.6890624761581421,9,5931
1.5557529926300049,0.69140625,0.69140625,9,5932
1.588141679763794,0.6667969226837158,0.6667969226837158,9,5933
1.5865520238876343,0.6714843511581421,0.6714843511581421,9,5934
1.574660301208496,0.6761718988418579,0.6761718988418579,9,5935
1.632428526878357,0.651562511920929,0.651562511920929,9,5936
1.5639230012893677,0.6820312738418579,0.6820312738418579,9,5937
1.5761682987213135,0.6785156726837158,0.6785156726837158,9,5938
1.5590174198150635,0.686718761920929,0.686718761920929,9,5939
1.5678842067718506,0.6832031011581421,0.6832031011581421,9,5940
1.548438310623169,0.6890624761581421,0.6890624761581421,9,5941
1.54215407371521,0.69140625,0.69140625,9,5942
1.583540439605713,0.66796875,0.66796875,9,5943
1.5752830505371094,0.6832031011581421,0.6832031011581421,9,5944
1.6060068607330322,0.663281261920929,0.663281261920929,9,5945
1.5417609214782715,0.686718761920929,0.686718761920929,9,5946
1.5941247940063477,0.669140636920929,0.669140636920929,9,5947
1.6277251243591309,0.65625,0.65625,9,5948
1.608726143836975,0.6703125238418579,0.6703125238418579,9,5949
1.5896209478378296,0.6796875,0.6796875,9,5950
1.6206343173980713,0.663281261920929,0.663281261920929,9,5951
1.5894029140472412,0.6726562976837158,0.6726562976837158,9,5952
1.5588124990463257,0.692578136920929,0.692578136920929,9,5953
1.554436445236206,0.686718761920929,0.686718761920929,9,5954
1.5562362670898438,0.692578136920929,0.692578136920929,9,5955
1.6260154247283936,0.650390625,0.650390625,9,5956
1.568590521812439,0.6785156726837158,0.6785156726837158,9,5957
1.5932420492172241,0.6761718988418579,0.6761718988418579,9,5958
1.578953504562378,0.6761718988418579,0.6761718988418579,9,5959
1.5762081146240234,0.6761718988418579,0.6761718988418579,9,5960
1.635389804840088,0.650390625,0.650390625,9,5961
1.5417072772979736,0.69140625,0.69140625,9,5962
1.5826802253723145,0.6773437261581421,0.6773437261581421,9,5963
1.5815473794937134,0.6667969226837158,0.6667969226837158,9,5964
1.570060133934021,0.680859386920929,0.680859386920929,9,5965
1.5799099206924438,0.675000011920929,0.675000011920929,9,5966
1.556813359260559,0.6878906488418579,0.6878906488418579,9,5967
1.5844850540161133,0.6773437261581421,0.6773437261581421,9,5968
1.5597646236419678,0.6796875,0.6796875,9,5969
1.5787793397903442,0.6785156726837158,0.6785156726837158,9,5970
1.5839711427688599,0.6714843511581421,0.6714843511581421,9,5971
1.5548384189605713,0.69140625,0.69140625,9,5972
1.5900572538375854,0.6726562976837158,0.6726562976837158,9,5973
1.5657119750976562,0.692578136920929,0.692578136920929,9,5974
1.5324459075927734,0.6996093988418579,0.6996093988418579,9,5975
1.5931103229522705,0.6703125238418579,0.6703125238418579,9,5976
1.5658831596374512,0.692578136920929,0.692578136920929,9,5977
1.6016271114349365,0.6703125238418579,0.6703125238418579,9,5978
1.5869117975234985,0.6761718988418579,0.6761718988418579,9,5979
1.5981390476226807,0.6726562976837158,0.6726562976837158,9,5980
1.5451470613479614,0.6949218511581421,0.6949218511581421,9,5981
1.557073712348938,0.6878906488418579,0.6878906488418579,9,5982
1.578997254371643,0.675000011920929,0.675000011920929,9,5983
1.5696333646774292,0.680859386920929,0.680859386920929,9,5984
1.5693178176879883,0.675000011920929,0.675000011920929,9,5985
1.5864810943603516,0.673828125,0.673828125,9,5986
1.5833704471588135,0.6832031011581421,0.6832031011581421,9,5987
1.547423243522644,0.698437511920929,0.698437511920929,9,5988
1.5458054542541504,0.686718761920929,0.686718761920929,9,5989
1.5660589933395386,0.685546875,0.685546875,9,5990
1.5646493434906006,0.685546875,0.685546875,9,5991
1.5844101905822754,0.675000011920929,0.675000011920929,9,5992
1.6002233028411865,0.66796875,0.66796875,9,5993
1.6340844631195068,0.6585937738418579,0.6585937738418579,9,5994
1.576341986656189,0.6726562976837158,0.6726562976837158,9,5995
1.567770004272461,0.6832031011581421,0.6832031011581421,9,5996
1.6087470054626465,0.6667969226837158,0.6667969226837158,9,5997
1.5913716554641724,0.6667969226837158,0.6667969226837158,9,5998
1.6272165775299072,0.6597656011581421,0.6597656011581421,9,5999
1.569449543952942,0.6843750476837158,0.6843750476837158,9,6000
1.556319236755371,0.6843750476837158,0.6843750476837158,9,6001
1.5282220840454102,0.697265625,0.697265625,9,6002
1.542209267616272,0.6949218511581421,0.6949218511581421,9,6003
1.6010515689849854,0.6714843511581421,0.6714843511581421,9,6004
1.5614585876464844,0.6843750476837158,0.6843750476837158,9,6005
1.5973999500274658,0.662109375,0.662109375,9,6006
1.5951565504074097,0.662109375,0.662109375,9,6007
1.5715892314910889,0.6726562976837158,0.6726562976837158,9,6008
1.5990698337554932,0.6703125238418579,0.6703125238418579,9,6009
1.5895237922668457,0.66796875,0.66796875,9,6010
1.5866305828094482,0.6773437261581421,0.6773437261581421,9,6011
1.5512924194335938,0.685546875,0.685546875,9,6012
1.550633430480957,0.6843750476837158,0.6843750476837158,9,6013
1.5408754348754883,0.6960937976837158,0.6960937976837158,9,6014
1.5640369653701782,0.680859386920929,0.680859386920929,9,6015
1.55623197555542,0.6890624761581421,0.6890624761581421,9,6016
1.513242483139038,0.710156261920929,0.710156261920929,9,6017
1.5197210311889648,0.708984375,0.708984375,9,6018
1.6287975311279297,0.6656249761581421,0.6656249761581421,9,6019
1.6241366863250732,0.6421874761581421,0.6421874761581421,9,6020
1.6205692291259766,0.6656249761581421,0.6656249761581421,9,6021
1.597773551940918,0.6773437261581421,0.6773437261581421,9,6022
1.5776937007904053,0.6785156726837158,0.6785156726837158,9,6023
1.557723045349121,0.6796875,0.6796875,9,6024
1.5638431310653687,0.6902344226837158,0.6902344226837158,9,6025
1.5503926277160645,0.69140625,0.69140625,9,6026
1.5283838510513306,0.7066406011581421,0.7066406011581421,9,6027
1.551777720451355,0.6890624761581421,0.6890624761581421,9,6028
1.547894835472107,0.6843750476837158,0.6843750476837158,9,6029
1.5750696659088135,0.6773437261581421,0.6773437261581421,9,6030
1.5434236526489258,0.6937500238418579,0.6937500238418579,9,6031
1.5854039192199707,0.66796875,0.66796875,9,6032
1.5301446914672852,0.697265625,0.697265625,9,6033
1.5923203229904175,0.6761718988418579,0.6761718988418579,9,6034
1.59562349319458,0.673828125,0.673828125,9,6035
1.5198293924331665,0.703125,0.703125,9,6036
1.6084084510803223,0.6644531488418579,0.6644531488418579,9,6037
1.6060364246368408,0.663281261920929,0.663281261920929,9,6038
1.5467617511749268,0.6878906488418579,0.6878906488418579,9,6039
1.5830210447311401,0.675000011920929,0.675000011920929,9,6040
1.6032700538635254,0.6703125238418579,0.6703125238418579,9,6041
1.558498740196228,0.6832031011581421,0.6832031011581421,9,6042
1.5323526859283447,0.69140625,0.69140625,9,6043
1.5583176612854004,0.6937500238418579,0.6937500238418579,9,6044
1.6167047023773193,0.66796875,0.66796875,9,6045
1.6022632122039795,0.6703125238418579,0.6703125238418579,9,6046
1.5246756076812744,0.698437511920929,0.698437511920929,9,6047
1.598242998123169,0.6726562976837158,0.6726562976837158,9,6048
1.587173342704773,0.6703125238418579,0.6703125238418579,9,6049
1.612281084060669,0.662109375,0.662109375,9,6050
1.5480421781539917,0.6949218511581421,0.6949218511581421,9,6051
1.557591438293457,0.6832031011581421,0.6832031011581421,9,6052
1.581399917602539,0.680859386920929,0.680859386920929,9,6053
1.5818647146224976,0.6832031011581421,0.6832031011581421,9,6054
1.5691146850585938,0.6773437261581421,0.6773437261581421,9,6055
1.5591182708740234,0.6843750476837158,0.6843750476837158,9,6056
1.5506389141082764,0.692578136920929,0.692578136920929,9,6057
1.5955021381378174,0.6644531488418579,0.6644531488418579,9,6058
1.5438721179962158,0.6937500238418579,0.6937500238418579,9,6059
1.5869698524475098,0.669140636920929,0.669140636920929,9,6060
1.6064776182174683,0.673828125,0.673828125,9,6061
1.567713975906372,0.686718761920929,0.686718761920929,9,6062
1.5928122997283936,0.669140636920929,0.669140636920929,9,6063
1.5956268310546875,0.669140636920929,0.669140636920929,9,6064
1.571661353111267,0.6796875,0.6796875,9,6065
1.5894063711166382,0.6761718988418579,0.6761718988418579,9,6066
1.5491960048675537,0.6878906488418579,0.6878906488418579,9,6067
1.5593502521514893,0.6832031011581421,0.6832031011581421,9,6068
1.5683810710906982,0.6773437261581421,0.6773437261581421,9,6069
1.6259739398956299,0.650390625,0.650390625,9,6070
1.5593359470367432,0.692578136920929,0.692578136920929,9,6071
1.5664716958999634,0.680859386920929,0.680859386920929,9,6072
1.5663514137268066,0.685546875,0.685546875,9,6073
1.5777945518493652,0.669140636920929,0.669140636920929,9,6074
1.5681018829345703,0.686718761920929,0.686718761920929,9,6075
1.5708074569702148,0.6785156726837158,0.6785156726837158,9,6076
1.577026605606079,0.6761718988418579,0.6761718988418579,9,6077
1.55472993850708,0.680859386920929,0.680859386920929,9,6078
1.6027255058288574,0.6656249761581421,0.6656249761581421,9,6079
1.54666006565094,0.6937500238418579,0.6937500238418579,9,6080
1.5717151165008545,0.6843750476837158,0.6843750476837158,9,6081
1.6043550968170166,0.6726562976837158,0.6726562976837158,9,6082
1.5308576822280884,0.7007812261581421,0.7007812261581421,9,6083
1.5800042152404785,0.6714843511581421,0.6714843511581421,9,6084
1.5775258541107178,0.6726562976837158,0.6726562976837158,9,6085
1.5912554264068604,0.6761718988418579,0.6761718988418579,9,6086
1.5765225887298584,0.6878906488418579,0.6878906488418579,9,6087
1.5737323760986328,0.6796875,0.6796875,9,6088
1.5659551620483398,0.6761718988418579,0.6761718988418579,9,6089
1.6062017679214478,0.66796875,0.66796875,9,6090
1.656477689743042,0.6375000476837158,0.6375000476837158,9,6091
1.5688223838806152,0.6878906488418579,0.6878906488418579,9,6092
1.5684067010879517,0.6843750476837158,0.6843750476837158,9,6093
1.5753734111785889,0.680859386920929,0.680859386920929,9,6094
1.5731104612350464,0.6785156726837158,0.6785156726837158,9,6095
1.5567290782928467,0.686718761920929,0.686718761920929,9,6096
1.5699868202209473,0.6878906488418579,0.6878906488418579,9,6097
1.5992951393127441,0.663281261920929,0.663281261920929,9,6098
1.608978509902954,0.6656249761581421,0.6656249761581421,9,6099
1.6053584814071655,0.669140636920929,0.669140636920929,9,6100
1.5789155960083008,0.6832031011581421,0.6832031011581421,9,6101
1.5693445205688477,0.680859386920929,0.680859386920929,9,6102
1.5861618518829346,0.673828125,0.673828125,9,6103
1.6345810890197754,0.6480468511581421,0.6480468511581421,9,6104
1.5898091793060303,0.6761718988418579,0.6761718988418579,9,6105
1.5518980026245117,0.6937500238418579,0.6937500238418579,9,6106
1.5698224306106567,0.6796875,0.6796875,9,6107
1.5681617259979248,0.6843750476837158,0.6843750476837158,9,6108
1.560978889465332,0.6832031011581421,0.6832031011581421,9,6109
1.5742542743682861,0.6773437261581421,0.6773437261581421,9,6110
1.5587904453277588,0.6785156726837158,0.6785156726837158,9,6111
1.5961098670959473,0.669140636920929,0.669140636920929,9,6112
1.600776195526123,0.673828125,0.673828125,9,6113
1.5940492153167725,0.673828125,0.673828125,9,6114
1.607652187347412,0.6585937738418579,0.6585937738418579,9,6115
1.6412928104400635,0.6550781726837158,0.6550781726837158,9,6116
1.5833022594451904,0.6761718988418579,0.6761718988418579,9,6117
1.5931932926177979,0.6703125238418579,0.6703125238418579,9,6118
1.6037949323654175,0.669140636920929,0.669140636920929,9,6119
1.610148310661316,0.6597656011581421,0.6597656011581421,9,6120
1.5832855701446533,0.6773437261581421,0.6773437261581421,9,6121
1.5098875761032104,0.708984375,0.708984375,9,6122
1.562255620956421,0.686718761920929,0.686718761920929,9,6123
1.5733516216278076,0.6796875,0.6796875,9,6124
1.5903548002243042,0.6714843511581421,0.6714843511581421,9,6125
1.5860462188720703,0.6761718988418579,0.6761718988418579,9,6126
1.5834426879882812,0.6703125238418579,0.6703125238418579,9,6127
1.555366039276123,0.685546875,0.685546875,9,6128
1.6304959058761597,0.6550781726837158,0.6550781726837158,9,6129
1.5948328971862793,0.6726562976837158,0.6726562976837158,9,6130
1.5663847923278809,0.6832031011581421,0.6832031011581421,9,6131
1.514044165611267,0.7007812261581421,0.7007812261581421,9,6132
1.551227331161499,0.6890624761581421,0.6890624761581421,9,6133
1.5669955015182495,0.6785156726837158,0.6785156726837158,9,6134
1.5960328578948975,0.6761718988418579,0.6761718988418579,9,6135
1.5730732679367065,0.6726562976837158,0.6726562976837158,9,6136
1.5935194492340088,0.6726562976837158,0.6726562976837158,9,6137
1.6158651113510132,0.6550781726837158,0.6550781726837158,9,6138
1.6179249286651611,0.6703125238418579,0.6703125238418579,9,6139
1.5597162246704102,0.6878906488418579,0.6878906488418579,9,6140
1.5441508293151855,0.686718761920929,0.686718761920929,9,6141
1.548020601272583,0.692578136920929,0.692578136920929,9,6142
1.5644218921661377,0.6726562976837158,0.6726562976837158,9,6143
1.594035029411316,0.6703125238418579,0.6703125238418579,9,6144
1.600292682647705,0.663281261920929,0.663281261920929,9,6145
1.596003770828247,0.66796875,0.66796875,9,6146
1.6495039463043213,0.6421874761581421,0.6421874761581421,9,6147
1.5940508842468262,0.6785156726837158,0.6785156726837158,9,6148
1.5999834537506104,0.66796875,0.66796875,9,6149
1.612493872642517,0.6656249761581421,0.6656249761581421,9,6150
1.5545237064361572,0.686718761920929,0.686718761920929,9,6151
1.6019872426986694,0.6667969226837158,0.6667969226837158,9,6152
1.575154185295105,0.680859386920929,0.680859386920929,9,6153
1.6262234449386597,0.6539062261581421,0.6539062261581421,9,6154
1.5662163496017456,0.6878906488418579,0.6878906488418579,9,6155
1.56988525390625,0.680859386920929,0.680859386920929,9,6156
1.5772409439086914,0.6761718988418579,0.6761718988418579,9,6157
1.587310552597046,0.6761718988418579,0.6761718988418579,9,6158
1.5677895545959473,0.6878906488418579,0.6878906488418579,9,6159
1.6108512878417969,0.6667969226837158,0.6667969226837158,9,6160
1.5514743328094482,0.697265625,0.697265625,9,6161
1.5785579681396484,0.6796875,0.6796875,9,6162
1.6415859460830688,0.6527343988418579,0.6527343988418579,9,6163
1.5645192861557007,0.680859386920929,0.680859386920929,9,6164
1.6065043210983276,0.6667969226837158,0.6667969226837158,9,6165
1.5467795133590698,0.6890624761581421,0.6890624761581421,9,6166
1.5729925632476807,0.6773437261581421,0.6773437261581421,9,6167
1.5624843835830688,0.685546875,0.685546875,9,6168
1.607930064201355,0.6656249761581421,0.6656249761581421,9,6169
1.583496332168579,0.6714843511581421,0.6714843511581421,9,6170
1.5527544021606445,0.6902344226837158,0.6902344226837158,9,6171
1.591416835784912,0.6703125238418579,0.6703125238418579,9,6172
1.5858182907104492,0.6785156726837158,0.6785156726837158,9,6173
1.553939700126648,0.6878906488418579,0.6878906488418579,9,6174
1.5914864540100098,0.675000011920929,0.675000011920929,9,6175
1.5877681970596313,0.6644531488418579,0.6644531488418579,9,6176
1.5902798175811768,0.6703125238418579,0.6703125238418579,9,6177
1.5720046758651733,0.6832031011581421,0.6832031011581421,9,6178
1.6047298908233643,0.6714843511581421,0.6714843511581421,9,6179
1.5425424575805664,0.6902344226837158,0.6902344226837158,9,6180
1.6031609773635864,0.66796875,0.66796875,9,6181
1.553758978843689,0.69140625,0.69140625,9,6182
1.5914130210876465,0.673828125,0.673828125,9,6183
1.536926507949829,0.6878906488418579,0.6878906488418579,9,6184
1.5503302812576294,0.6890624761581421,0.6890624761581421,9,6185
1.552321434020996,0.6832031011581421,0.6832031011581421,9,6186
1.613081693649292,0.6667969226837158,0.6667969226837158,9,6187
1.5565747022628784,0.6832031011581421,0.6832031011581421,9,6188
1.5863025188446045,0.675000011920929,0.675000011920929,9,6189
1.6126832962036133,0.662109375,0.662109375,9,6190
1.5513403415679932,0.6937500238418579,0.6937500238418579,9,6191
1.5588040351867676,0.692578136920929,0.692578136920929,9,6192
1.5412198305130005,0.697265625,0.697265625,9,6193
1.5528879165649414,0.6937500238418579,0.6937500238418579,9,6194
1.5626847743988037,0.680859386920929,0.680859386920929,9,6195
1.5517593622207642,0.6949218511581421,0.6949218511581421,9,6196
1.6020989418029785,0.669140636920929,0.669140636920929,9,6197
1.622758150100708,0.6644531488418579,0.6644531488418579,9,6198
1.526543378829956,0.703125,0.703125,9,6199
1.570805549621582,0.6761718988418579,0.6761718988418579,9,6200
1.575467586517334,0.673828125,0.673828125,9,6201
1.5827972888946533,0.6773437261581421,0.6773437261581421,9,6202
1.5478287935256958,0.6902344226837158,0.6902344226837158,9,6203
1.5909020900726318,0.6761718988418579,0.6761718988418579,9,6204
1.5868972539901733,0.66796875,0.66796875,9,6205
1.5868580341339111,0.66796875,0.66796875,9,6206
1.5450809001922607,0.686718761920929,0.686718761920929,9,6207
1.5978574752807617,0.6609375476837158,0.6609375476837158,9,6208
1.556825876235962,0.6878906488418579,0.6878906488418579,9,6209
1.6067328453063965,0.669140636920929,0.669140636920929,9,6210
1.5762147903442383,0.6785156726837158,0.6785156726837158,9,6211
1.5849084854125977,0.6773437261581421,0.6773437261581421,9,6212
1.5686445236206055,0.685546875,0.685546875,9,6213
1.571593999862671,0.685546875,0.685546875,9,6214
1.5623732805252075,0.686718761920929,0.686718761920929,9,6215
1.6227481365203857,0.6550781726837158,0.6550781726837158,9,6216
1.5868756771087646,0.66796875,0.66796875,9,6217
1.5415194034576416,0.6902344226837158,0.6902344226837158,9,6218
1.6016318798065186,0.6667969226837158,0.6667969226837158,9,6219
1.558302640914917,0.69140625,0.69140625,9,6220
1.5902600288391113,0.6761718988418579,0.6761718988418579,9,6221
1.5246055126190186,0.7171875238418579,0.7171875238418579,9,6222
1.6078615188598633,0.669140636920929,0.669140636920929,9,6223
1.6090779304504395,0.663281261920929,0.663281261920929,9,6224
1.5565285682678223,0.686718761920929,0.686718761920929,9,6225
1.5854096412658691,0.6773437261581421,0.6773437261581421,9,6226
1.5870118141174316,0.6726562976837158,0.6726562976837158,9,6227
1.614909052848816,0.6609375476837158,0.6609375476837158,9,6228
1.58693265914917,0.680859386920929,0.680859386920929,9,6229
1.6309911012649536,0.651562511920929,0.651562511920929,9,6230
1.5388569831848145,0.697265625,0.697265625,9,6231
1.5837528705596924,0.6796875,0.6796875,9,6232
1.5836074352264404,0.6785156726837158,0.6785156726837158,9,6233
1.6150041818618774,0.669140636920929,0.669140636920929,9,6234
1.6122164726257324,0.6667969226837158,0.6667969226837158,9,6235
1.5603362321853638,0.685546875,0.685546875,9,6236
1.5606329441070557,0.685546875,0.685546875,9,6237
1.577357530593872,0.675000011920929,0.675000011920929,9,6238
1.568338394165039,0.6761718988418579,0.6761718988418579,9,6239
1.5430793762207031,0.6949218511581421,0.6949218511581421,9,6240
1.5976479053497314,0.673828125,0.673828125,9,6241
1.5741169452667236,0.6761718988418579,0.6761718988418579,9,6242
1.6057486534118652,0.663281261920929,0.663281261920929,9,6243
1.567381739616394,0.6902344226837158,0.6902344226837158,9,6244
1.5766688585281372,0.6878906488418579,0.6878906488418579,9,6245
1.5645760297775269,0.680859386920929,0.680859386920929,9,6246
1.5587608814239502,0.6843750476837158,0.6843750476837158,9,6247
1.559571385383606,0.686718761920929,0.686718761920929,9,6248
1.5758122205734253,0.6726562976837158,0.6726562976837158,9,6249
1.5591492652893066,0.6902344226837158,0.6902344226837158,9,6250
1.6044219732284546,0.66796875,0.66796875,9,6251
1.6146152019500732,0.65625,0.65625,9,6252
1.6127623319625854,0.6667969226837158,0.6667969226837158,9,6253
1.5731241703033447,0.69140625,0.69140625,9,6254
1.547215461730957,0.6843750476837158,0.6843750476837158,9,6255
1.5984275341033936,0.6714843511581421,0.6714843511581421,9,6256
1.5683220624923706,0.6878906488418579,0.6878906488418579,9,6257
1.5501224994659424,0.69140625,0.69140625,9,6258
1.5880866050720215,0.6714843511581421,0.6714843511581421,9,6259
1.5438607931137085,0.6960937976837158,0.6960937976837158,9,6260
1.5745254755020142,0.686718761920929,0.686718761920929,9,6261
1.540616512298584,0.6996093988418579,0.6996093988418579,9,6262
1.5228561162948608,0.7019531726837158,0.7019531726837158,9,6263
1.59690260887146,0.669140636920929,0.669140636920929,9,6264
1.6091325283050537,0.66796875,0.66796875,9,6265
1.5658303499221802,0.686718761920929,0.686718761920929,9,6266
1.5634191036224365,0.6843750476837158,0.6843750476837158,9,6267
1.5707104206085205,0.6843750476837158,0.6843750476837158,9,6268
1.5720019340515137,0.6832031011581421,0.6832031011581421,9,6269
1.5566245317459106,0.6843750476837158,0.6843750476837158,9,6270
1.5976155996322632,0.6726562976837158,0.6726562976837158,9,6271
1.5597890615463257,0.697265625,0.697265625,9,6272
1.589561104774475,0.6714843511581421,0.6714843511581421,9,6273
1.5958647727966309,0.66796875,0.66796875,9,6274
1.5237510204315186,0.7019531726837158,0.7019531726837158,9,6275
1.529056429862976,0.69140625,0.69140625,9,6276
1.6039893627166748,0.669140636920929,0.669140636920929,9,6277
1.5973851680755615,0.6726562976837158,0.6726562976837158,9,6278
1.5656466484069824,0.6832031011581421,0.6832031011581421,9,6279
1.575096845626831,0.6843750476837158,0.6843750476837158,9,6280
1.6369075775146484,0.645703136920929,0.645703136920929,9,6281
1.5645298957824707,0.685546875,0.685546875,9,6282
1.5965152978897095,0.6667969226837158,0.6667969226837158,9,6283
1.5456485748291016,0.6878906488418579,0.6878906488418579,9,6284
1.6088119745254517,0.65625,0.65625,9,6285
1.5726255178451538,0.6832031011581421,0.6832031011581421,9,6286
1.576568603515625,0.6890624761581421,0.6890624761581421,9,6287
1.5850305557250977,0.6667969226837158,0.6667969226837158,9,6288
1.6072654724121094,0.6656249761581421,0.6656249761581421,9,6289
1.6070225238800049,0.6667969226837158,0.6667969226837158,9,6290
1.5273780822753906,0.7066406011581421,0.7066406011581421,9,6291
1.6503503322601318,0.6550781726837158,0.6550781726837158,9,6292
1.5818722248077393,0.6796875,0.6796875,9,6293
1.5442179441452026,0.686718761920929,0.686718761920929,9,6294
1.5900993347167969,0.66796875,0.66796875,9,6295
1.5699644088745117,0.686718761920929,0.686718761920929,9,6296
1.5909311771392822,0.673828125,0.673828125,9,6297
1.5482046604156494,0.6890624761581421,0.6890624761581421,9,6298
1.6415585279464722,0.645703136920929,0.645703136920929,9,6299
1.5894899368286133,0.6773437261581421,0.6773437261581421,9,6300
1.5674586296081543,0.6832031011581421,0.6832031011581421,9,6301
1.549330472946167,0.6843750476837158,0.6843750476837158,9,6302
1.6242995262145996,0.663281261920929,0.663281261920929,9,6303
1.5957269668579102,0.66796875,0.66796875,9,6304
1.5513299703598022,0.6890624761581421,0.6890624761581421,9,6305
1.5889074802398682,0.669140636920929,0.669140636920929,9,6306
1.5976269245147705,0.6726562976837158,0.6726562976837158,9,6307
1.6196990013122559,0.6609375476837158,0.6609375476837158,9,6308
1.57389235496521,0.69140625,0.69140625,9,6309
1.5936930179595947,0.675000011920929,0.675000011920929,9,6310
1.6201720237731934,0.6609375476837158,0.6609375476837158,9,6311
1.582432508468628,0.6796875,0.6796875,9,6312
1.6232448816299438,0.650390625,0.650390625,9,6313
1.5507092475891113,0.692578136920929,0.692578136920929,9,6314
1.5694845914840698,0.6878906488418579,0.6878906488418579,9,6315
1.5944008827209473,0.6644531488418579,0.6644531488418579,9,6316
1.5476651191711426,0.692578136920929,0.692578136920929,9,6317
1.6127287149429321,0.6656249761581421,0.6656249761581421,9,6318
1.5712978839874268,0.685546875,0.685546875,9,6319
1.55141019821167,0.6937500238418579,0.6937500238418579,9,6320
1.5870389938354492,0.673828125,0.673828125,9,6321
1.5793026685714722,0.6820312738418579,0.6820312738418579,9,6322
1.5866543054580688,0.6667969226837158,0.6667969226837158,9,6323
1.6219890117645264,0.6609375476837158,0.6609375476837158,9,6324
1.5454341173171997,0.6902344226837158,0.6902344226837158,9,6325
1.6289489269256592,0.6527343988418579,0.6527343988418579,9,6326
1.5705311298370361,0.685546875,0.685546875,9,6327
1.6039776802062988,0.6644531488418579,0.6644531488418579,9,6328
1.5953330993652344,0.6726562976837158,0.6726562976837158,9,6329
1.6401777267456055,0.651562511920929,0.651562511920929,9,6330
1.5754711627960205,0.6820312738418579,0.6820312738418579,9,6331
1.5722700357437134,0.673828125,0.673828125,9,6332
1.591583013534546,0.663281261920929,0.663281261920929,9,6333
1.6111161708831787,0.669140636920929,0.669140636920929,9,6334
1.5760960578918457,0.675000011920929,0.675000011920929,9,6335
1.5978814363479614,0.6656249761581421,0.6656249761581421,9,6336
1.5650488138198853,0.685546875,0.685546875,9,6337
1.5791844129562378,0.6773437261581421,0.6773437261581421,9,6338
1.534367561340332,0.6937500238418579,0.6937500238418579,9,6339
1.5713956356048584,0.6773437261581421,0.6773437261581421,9,6340
1.5782554149627686,0.669140636920929,0.669140636920929,9,6341
1.5826685428619385,0.673828125,0.673828125,9,6342
1.5954300165176392,0.663281261920929,0.663281261920929,9,6343
1.6053261756896973,0.662109375,0.662109375,9,6344
1.5676463842391968,0.6796875,0.6796875,9,6345
1.5720484256744385,0.6832031011581421,0.6832031011581421,9,6346
1.6304407119750977,0.657421886920929,0.657421886920929,9,6347
1.580399990081787,0.6785156726837158,0.6785156726837158,9,6348
1.5606162548065186,0.6785156726837158,0.6785156726837158,9,6349
1.5827112197875977,0.6703125238418579,0.6703125238418579,9,6350
1.5521070957183838,0.6878906488418579,0.6878906488418579,9,6351
1.5721361637115479,0.6726562976837158,0.6726562976837158,9,6352
1.5618022680282593,0.692578136920929,0.692578136920929,9,6353
1.5801247358322144,0.6761718988418579,0.6761718988418579,9,6354
1.5721559524536133,0.685546875,0.685546875,9,6355
1.5611897706985474,0.6761718988418579,0.6761718988418579,9,6356
1.576817274093628,0.6667969226837158,0.6667969226837158,9,6357
1.5821247100830078,0.6644531488418579,0.6644531488418579,9,6358
1.5737632513046265,0.6773437261581421,0.6773437261581421,9,6359
1.6320489645004272,0.6585937738418579,0.6585937738418579,9,6360
1.588975191116333,0.686718761920929,0.686718761920929,9,6361
1.5956666469573975,0.6703125238418579,0.6703125238418579,9,6362
1.6117273569107056,0.6714843511581421,0.6714843511581421,9,6363
1.5461031198501587,0.7019531726837158,0.7019531726837158,9,6364
1.577270269393921,0.6820312738418579,0.6820312738418579,9,6365
1.5555263757705688,0.6820312738418579,0.6820312738418579,9,6366
1.5872647762298584,0.675000011920929,0.675000011920929,9,6367
1.6076436042785645,0.662109375,0.662109375,9,6368
1.5428882837295532,0.698437511920929,0.698437511920929,9,6369
1.6013749837875366,0.675000011920929,0.675000011920929,9,6370
1.5743132829666138,0.6832031011581421,0.6832031011581421,9,6371
1.6161646842956543,0.657421886920929,0.657421886920929,9,6372
1.5664598941802979,0.6832031011581421,0.6832031011581421,9,6373
1.590712070465088,0.6714843511581421,0.6714843511581421,9,6374
1.5931761264801025,0.6714843511581421,0.6714843511581421,9,6375
1.5389084815979004,0.69140625,0.69140625,9,6376
1.5846927165985107,0.6656249761581421,0.6656249761581421,9,6377
1.577970266342163,0.6843750476837158,0.6843750476837158,9,6378
1.6013070344924927,0.669140636920929,0.669140636920929,9,6379
1.5865596532821655,0.6761718988418579,0.6761718988418579,9,6380
1.5910401344299316,0.6714843511581421,0.6714843511581421,9,6381
1.5986919403076172,0.669140636920929,0.669140636920929,9,6382
1.5775561332702637,0.6761718988418579,0.6761718988418579,9,6383
1.616166114807129,0.6597656011581421,0.6597656011581421,9,6384
1.5658557415008545,0.6773437261581421,0.6773437261581421,9,6385
1.577361822128296,0.6785156726837158,0.6785156726837158,9,6386
1.6026432514190674,0.6609375476837158,0.6609375476837158,9,6387
1.5657639503479004,0.6832031011581421,0.6832031011581421,9,6388
1.5599422454833984,0.69140625,0.69140625,9,6389
1.5692625045776367,0.686718761920929,0.686718761920929,9,6390
1.6005666255950928,0.6585937738418579,0.6585937738418579,9,6391
1.5514824390411377,0.6960937976837158,0.6960937976837158,9,6392
1.5970864295959473,0.6773437261581421,0.6773437261581421,9,6393
1.5517277717590332,0.686718761920929,0.686718761920929,9,6394
1.5906450748443604,0.6667969226837158,0.6667969226837158,9,6395
1.6066981554031372,0.675000011920929,0.675000011920929,9,6396
1.5958354473114014,0.6667969226837158,0.6667969226837158,9,6397
1.5792721509933472,0.6785156726837158,0.6785156726837158,9,6398
1.5954025983810425,0.66796875,0.66796875,9,6399
1.561498999595642,0.686718761920929,0.686718761920929,9,6400
1.582998275756836,0.6761718988418579,0.6761718988418579,9,6401
1.5984442234039307,0.6656249761581421,0.6656249761581421,9,6402
1.571793794631958,0.6785156726837158,0.6785156726837158,9,6403
1.579099416732788,0.675000011920929,0.675000011920929,9,6404
1.6253490447998047,0.6550781726837158,0.6550781726837158,9,6405
1.5523872375488281,0.6878906488418579,0.6878906488418579,9,6406
1.5628607273101807,0.6902344226837158,0.6902344226837158,9,6407
1.5937976837158203,0.6703125238418579,0.6703125238418579,9,6408
1.5701652765274048,0.685546875,0.685546875,9,6409
1.5728139877319336,0.6726562976837158,0.6726562976837158,9,6410
1.613420009613037,0.6703125238418579,0.6703125238418579,9,6411
1.5940910577774048,0.6667969226837158,0.6667969226837158,9,6412
1.5942630767822266,0.6796875,0.6796875,9,6413
1.589035987854004,0.6703125238418579,0.6703125238418579,9,6414
1.5234640836715698,0.7124999761581421,0.7124999761581421,9,6415
1.6124560832977295,0.6585937738418579,0.6585937738418579,9,6416
1.6350218057632446,0.6550781726837158,0.6550781726837158,9,6417
1.5797839164733887,0.6726562976837158,0.6726562976837158,9,6418
1.5476012229919434,0.6820312738418579,0.6820312738418579,9,6419
1.554707646369934,0.6949218511581421,0.6949218511581421,9,6420
1.5943623781204224,0.673828125,0.673828125,9,6421
1.604931116104126,0.6656249761581421,0.6656249761581421,9,6422
1.6183370351791382,0.6597656011581421,0.6597656011581421,9,6423
1.5880032777786255,0.673828125,0.673828125,9,6424
1.5540629625320435,0.69140625,0.69140625,9,6425
1.5824872255325317,0.6785156726837158,0.6785156726837158,9,6426
1.5647954940795898,0.6832031011581421,0.6832031011581421,9,6427
1.521299123764038,0.6949218511581421,0.6949218511581421,9,6428
1.5546915531158447,0.685546875,0.685546875,9,6429
1.6021071672439575,0.6714843511581421,0.6714843511581421,9,6430
1.5830775499343872,0.6785156726837158,0.6785156726837158,9,6431
1.5979735851287842,0.6703125238418579,0.6703125238418579,9,6432
1.619231939315796,0.662109375,0.662109375,9,6433
1.5737531185150146,0.6796875,0.6796875,9,6434
1.5974256992340088,0.6656249761581421,0.6656249761581421,9,6435
1.5806223154067993,0.673828125,0.673828125,9,6436
1.6316171884536743,0.650390625,0.650390625,9,6437
1.5887303352355957,0.673828125,0.673828125,9,6438
1.6014500856399536,0.669140636920929,0.669140636920929,9,6439
1.5905392169952393,0.675000011920929,0.675000011920929,9,6440
1.5604171752929688,0.6820312738418579,0.6820312738418579,9,6441
1.6079347133636475,0.6726562976837158,0.6726562976837158,9,6442
1.5841155052185059,0.6656249761581421,0.6656249761581421,9,6443
1.5992382764816284,0.6656249761581421,0.6656249761581421,9,6444
1.5986804962158203,0.662109375,0.662109375,9,6445
1.5582112073898315,0.685546875,0.685546875,9,6446
1.584155797958374,0.669140636920929,0.669140636920929,9,6447
1.6030504703521729,0.6609375476837158,0.6609375476837158,9,6448
1.5217015743255615,0.703125,0.703125,9,6449
1.5731408596038818,0.6785156726837158,0.6785156726837158,9,6450
1.5789545774459839,0.6761718988418579,0.6761718988418579,9,6451
1.622730016708374,0.6609375476837158,0.6609375476837158,9,6452
1.622718095779419,0.663281261920929,0.663281261920929,9,6453
1.5649528503417969,0.6796875,0.6796875,9,6454
1.585494875907898,0.6773437261581421,0.6773437261581421,9,6455
1.5910491943359375,0.6726562976837158,0.6726562976837158,9,6456
1.5546953678131104,0.6832031011581421,0.6832031011581421,9,6457
1.6158194541931152,0.669140636920929,0.669140636920929,9,6458
1.5853614807128906,0.6722891926765442,0.6722891926765442,9,6459
1.5821936130523682,0.6763201951980591,0.6763201951980591,9,6459
1.5821936130523682,0.6763201951980591,0.6763201951980591,10,6460
1.5785717964172363,0.6779273152351379,0.6779273152351379,10,6460
1.5790197849273682,0.6774373054504395,0.6774373054504395,10,6460
